Student ID,Target
2212,Graduate
2213,Graduate
2214,Enrolled
2215,Graduate
2216,Graduate
2217,Dropout
2218,Graduate
2219,Graduate
2220,Dropout
2221,Graduate
2222,Enrolled
2223,Enrolled
2224,Dropout
2225,Graduate
2226,Dropout
2227,Graduate
2228,Dropout
2229,Dropout
2230,Enrolled
2231,Enrolled
2232,Enrolled
2233,Dropout
2234,Dropout
2235,Dropout
2236,Graduate
2237,Enrolled
2238,Dropout
2239,Graduate
2240,Dropout
2241,Enrolled
2242,Enrolled
2243,Enrolled
2244,Graduate
2245,Dropout
2246,Graduate
2247,Graduate
2248,Dropout
2249,Dropout
2250,Graduate
2251,Graduate
2252,Dropout
2253,Dropout
2254,Dropout
2255,Dropout
2256,Dropout
2257,Graduate
2258,Enrolled
2259,Graduate
2260,Graduate
2261,Graduate
2262,Enrolled
2263,Dropout
2264,Dropout
2265,Dropout
2266,Graduate
2267,Graduate
2268,Dropout
2269,Enrolled
2270,Dropout
2271,Dropout
2272,Graduate
2273,Dropout
2274,Dropout
2275,Dropout
2276,Graduate
2277,Graduate
2278,Graduate
2279,Enrolled
2280,Dropout
2281,Graduate
2282,Graduate
2283,Graduate
2284,Graduate
2285,Enrolled
2286,Dropout
2287,Graduate
2288,Graduate
2289,Enrolled
2290,Dropout
2291,Graduate
2292,Enrolled
2293,Dropout
2294,Graduate
2295,Graduate
2296,Graduate
2297,Enrolled
2298,Graduate
2299,Enrolled
2300,Dropout
2301,Graduate
2302,Graduate
2303,Graduate
2304,Dropout
2305,Dropout
2306,Graduate
2307,Dropout
2308,Dropout
2309,Dropout
2310,Graduate
2311,Graduate
2312,Graduate
2313,Dropout
2314,Graduate
2315,Graduate
2316,Enrolled
2317,Graduate
2318,Dropout
2319,Dropout
2320,Graduate
2321,Dropout
2322,Graduate
2323,Dropout
2324,Graduate
2325,Dropout
2326,Dropout
2327,Dropout
2328,Dropout
2329,Graduate
2330,Dropout
2331,Dropout
2332,Dropout
2333,Graduate
2334,Graduate
2335,Graduate
2336,Graduate
2337,Enrolled
2338,Dropout
2339,Graduate
2340,Graduate
2341,Dropout
2342,Graduate
2343,Graduate
2344,Enrolled
2345,Dropout
2346,Graduate
2347,Graduate
2348,Dropout
2349,Dropout
2350,Graduate
2351,Graduate
2352,Graduate
2353,Graduate
2354,Graduate
2355,Dropout
2356,Dropout
2357,Graduate
2358,Graduate
2359,Graduate
2360,Enrolled
2361,Dropout
2362,Dropout
2363,Graduate
2364,Enrolled
2365,Graduate
2366,Graduate
2367,Enrolled
2368,Graduate
2369,Graduate
2370,Dropout
2371,Enrolled
2372,Graduate
2373,Enrolled
2374,Enrolled
2375,Dropout
2376,Graduate
2377,Dropout
2378,Dropout
2379,Graduate
2380,Enrolled
2381,Graduate
2382,Graduate
2383,Graduate
2384,Graduate
2385,Dropout
2386,Graduate
2387,Graduate
2388,Enrolled
2389,Graduate
2390,Dropout
2391,Graduate
2392,Dropout
2393,Graduate
2394,Dropout
2395,Graduate
2396,Graduate
2397,Dropout
2398,Graduate
2399,Graduate
2400,Graduate
2401,Graduate
2402,Graduate
2403,Enrolled
2404,Graduate
2405,Enrolled
2406,Graduate
2407,Dropout
2408,Dropout
2409,Dropout
2410,Enrolled
2411,Dropout
2412,Dropout
2413,Enrolled
2414,Graduate
2415,Graduate
2416,Dropout
2417,Graduate
2418,Graduate
2419,Graduate
2420,Enrolled
2421,Dropout
2422,Dropout
2423,Graduate
2424,Dropout
2425,Dropout
2426,Dropout
2427,Dropout
2428,Graduate
2429,Graduate
2430,Graduate
2431,Dropout
2432,Graduate
2433,Graduate
2434,Dropout
2435,Enrolled
2436,Dropout
2437,Graduate
2438,Enrolled
2439,Graduate
2440,Dropout
2441,Dropout
2442,Graduate
2443,Dropout
2444,Graduate
2445,Dropout
2446,Dropout
2447,Graduate
2448,Graduate
2449,Dropout
2450,Dropout
2451,Enrolled
2452,Dropout
2453,Graduate
2454,Enrolled
2455,Dropout
2456,Graduate
2457,Graduate
2458,Enrolled
2459,Dropout
2460,Graduate
2461,Dropout
2462,Dropout
2463,Enrolled
2464,Dropout
2465,Graduate
2466,Dropout
2467,Graduate
2468,Enrolled
2469,Graduate
2470,Dropout
2471,Dropout
2472,Dropout
2473,Enrolled
2474,Dropout
2475,Graduate
2476,Dropout
2477,Graduate
2478,Enrolled
2479,Graduate
2480,Enrolled
2481,Enrolled
2482,Graduate
2483,Graduate
2484,Graduate
2485,Graduate
2486,Graduate
2487,Dropout
2488,Dropout
2489,Dropout
2490,Graduate
2491,Enrolled
2492,Enrolled
2493,Dropout
2494,Graduate
2495,Dropout
2496,Graduate
2497,Graduate
2498,Graduate
2499,Graduate
2500,Dropout
2501,Graduate
2502,Graduate
2503,Graduate
2504,Graduate
2505,Dropout
2506,Graduate
2507,Graduate
2508,Graduate
2509,Graduate
2510,Graduate
2511,Dropout
2512,Graduate
2513,Dropout
2514,Graduate
2515,Graduate
2516,Enrolled
2517,Enrolled
2518,Graduate
2519,Graduate
2520,Graduate
2521,Graduate
2522,Graduate
2523,Graduate
2524,Dropout
2525,Dropout
2526,Enrolled
2527,Graduate
2528,Graduate
2529,Graduate
2530,Enrolled
2531,Graduate
2532,Enrolled
2533,Graduate
2534,Graduate
2535,Graduate
2536,Dropout
2537,Enrolled
2538,Graduate
2539,Dropout
2540,Graduate
2541,Dropout
2542,Dropout
2543,Graduate
2544,Dropout
2545,Enrolled
2546,Graduate
2547,Graduate
2548,Graduate
2549,Graduate
2550,Dropout
2551,Graduate
2552,Graduate
2553,Graduate
2554,Dropout
2555,Enrolled
2556,Enrolled
2557,Graduate
2558,Enrolled
2559,Graduate
2560,Graduate
2561,Enrolled
2562,Graduate
2563,Dropout
2564,Graduate
2565,Graduate
2566,Graduate
2567,Dropout
2568,Dropout
2569,Graduate
2570,Enrolled
2571,Graduate
2572,Graduate
2573,Graduate
2574,Graduate
2575,Graduate
2576,Graduate
2577,Dropout
2578,Enrolled
2579,Graduate
2580,Graduate
2581,Graduate
2582,Dropout
2583,Graduate
2584,Enrolled
2585,Graduate
2586,Graduate
2587,Enrolled
2588,Dropout
2589,Dropout
2590,Enrolled
2591,Dropout
2592,Graduate
2593,Graduate
2594,Graduate
2595,Dropout
2596,Graduate
2597,Graduate
2598,Graduate
2599,Enrolled
2600,Dropout
2601,Graduate
2602,Enrolled
2603,Graduate
2604,Dropout
2605,Dropout
2606,Enrolled
2607,Enrolled
2608,Graduate
2609,Graduate
2610,Dropout
2611,Graduate
2612,Graduate
2613,Graduate
2614,Dropout
2615,Enrolled
2616,Enrolled
2617,Dropout
2618,Graduate
2619,Enrolled
2620,Graduate
2621,Dropout
2622,Graduate
2623,Enrolled
2624,Graduate
2625,Graduate
2626,Dropout
2627,Graduate
2628,Graduate
2629,Graduate
2630,Graduate
2631,Dropout
2632,Dropout
2633,Graduate
2634,Graduate
2635,Graduate
2636,Dropout
2637,Enrolled
2638,Enrolled
2639,Graduate
2640,Graduate
2641,Dropout
2642,Graduate
2643,Dropout
2644,Dropout
2645,Graduate
2646,Enrolled
2647,Enrolled
2648,Enrolled
2649,Graduate
2650,Dropout
2651,Graduate
2652,Graduate
2653,Graduate
2654,Dropout
2655,Graduate
2656,Graduate
2657,Enrolled
2658,Graduate
2659,Dropout
2660,Graduate
2661,Enrolled
2662,Graduate
2663,Graduate
2664,Dropout
2665,Graduate
2666,Dropout
2667,Graduate
2668,Enrolled
2669,Graduate
2670,Dropout
2671,Graduate
2672,Dropout
2673,Enrolled
2674,Enrolled
2675,Graduate
2676,Graduate
2677,Dropout
2678,Graduate
2679,Dropout
2680,Graduate
2681,Graduate
2682,Dropout
2683,Dropout
2684,Graduate
2685,Dropout
2686,Enrolled
2687,Graduate
2688,Dropout
2689,Dropout
2690,Dropout
2691,Graduate
2692,Enrolled
2693,Graduate
2694,Graduate
2695,Graduate
2696,Enrolled
2697,Dropout
2698,Enrolled
2699,Graduate
2700,Graduate
2701,Enrolled
2702,Dropout
2703,Dropout
2704,Graduate
2705,Dropout
2706,Graduate
2707,Graduate
2708,Dropout
2709,Graduate
2710,Graduate
2711,Graduate
2712,Dropout
2713,Enrolled
2714,Enrolled
2715,Graduate
2716,Graduate
2717,Dropout
2718,Graduate
2719,Graduate
2720,Graduate
2721,Enrolled
2722,Graduate
2723,Enrolled
2724,Enrolled
2725,Dropout
2726,Enrolled
2727,Graduate
2728,Graduate
2729,Graduate
2730,Graduate
2731,Graduate
2732,Graduate
2733,Graduate
2734,Graduate
2735,Graduate
2736,Graduate
2737,Graduate
2738,Enrolled
2739,Graduate
2740,Graduate
2741,Enrolled
2742,Graduate
2743,Graduate
2744,Graduate
2745,Graduate
2746,Enrolled
2747,Graduate
2748,Dropout
2749,Dropout
2750,Graduate
2751,Dropout
2752,Enrolled
2753,Dropout
2754,Graduate
2755,Graduate
2756,Graduate
2757,Dropout
2758,Dropout
2759,Dropout
2760,Enrolled
2761,Enrolled
2762,Graduate
2763,Graduate
2764,Dropout
2765,Dropout
2766,Graduate
2767,Graduate
2768,Dropout
2769,Graduate
2770,Dropout
2771,Graduate
2772,Graduate
2773,Graduate
2774,Graduate
2775,Graduate
2776,Graduate
2777,Dropout
2778,Dropout
2779,Graduate
2780,Graduate
2781,Graduate
2782,Enrolled
2783,Graduate
2784,Graduate
2785,Graduate
2786,Graduate
2787,Dropout
2788,Graduate
2789,Dropout
2790,Dropout
2791,Graduate
2792,Graduate
2793,Graduate
2794,Dropout
2795,Dropout
2796,Graduate
2797,Dropout
2798,Graduate
2799,Graduate
2800,Graduate
2801,Graduate
2802,Dropout
2803,Graduate
2804,Graduate
2805,Graduate
2806,Graduate
2807,Enrolled
2808,Graduate
2809,Enrolled
2810,Enrolled
2811,Graduate
2812,Graduate
2813,Graduate
2814,Graduate
2815,Enrolled
2816,Enrolled
2817,Graduate
2818,Graduate
2819,Graduate
2820,Dropout
2821,Graduate
2822,Dropout
2823,Graduate
2824,Dropout
2825,Graduate
2826,Graduate
2827,Graduate
2828,Dropout
2829,Enrolled
2830,Graduate
2831,Dropout
2832,Graduate
2833,Graduate
2834,Enrolled
2835,Graduate
2836,Graduate
2837,Dropout
2838,Graduate
2839,Dropout
2840,Graduate
2841,Enrolled
2842,Graduate
2843,Graduate
2844,Dropout
2845,Dropout
2846,Graduate
2847,Dropout
2848,Dropout
2849,Graduate
2850,Graduate
2851,Dropout
2852,Graduate
2853,Graduate
2854,Graduate
2855,Dropout
2856,Graduate
2857,Graduate
2858,Enrolled
2859,Graduate
2860,Graduate
2861,Dropout
2862,Enrolled
2863,Graduate
2864,Graduate
2865,Dropout
2866,Graduate
2867,Dropout
2868,Dropout
2869,Dropout
2870,Graduate
2871,Graduate
2872,Dropout
2873,Graduate
2874,Dropout
2875,Dropout
2876,Graduate
2877,Dropout
2878,Dropout
2879,Graduate
2880,Graduate
2881,Graduate
2882,Dropout
2883,Enrolled
2884,Graduate
2885,Graduate
2886,Graduate
2887,Enrolled
2888,Graduate
2889,Graduate
2890,Graduate
2891,Graduate
2892,Dropout
2893,Graduate
2894,Graduate
2895,Dropout
2896,Graduate
2897,Dropout
2898,Graduate
2899,Graduate
2900,Enrolled
2901,Graduate
2902,Dropout
2903,Graduate
2904,Graduate
2905,Dropout
2906,Dropout
2907,Graduate
2908,Graduate
2909,Graduate
2910,Dropout
2911,Dropout
2912,Graduate
2913,Dropout
2914,Graduate
2915,Dropout
2916,Graduate
2917,Enrolled
2918,Graduate
2919,Graduate
2920,Dropout
2921,Graduate
2922,Dropout
2923,Dropout
2924,Dropout
2925,Enrolled
2926,Graduate
2927,Graduate
2928,Enrolled
2929,Dropout
2930,Enrolled
2931,Enrolled
2932,Dropout
2933,Dropout
2934,Graduate
2935,Dropout
2936,Dropout
2937,Dropout
2938,Dropout
2939,Dropout
2940,Dropout
2941,Graduate
2942,Dropout
2943,Graduate
2944,Graduate
2945,Graduate
2946,Enrolled
2947,Dropout
2948,Graduate
2949,Graduate
2950,Dropout
2951,Enrolled
2952,Enrolled
2953,Dropout
2954,Dropout
2955,Dropout
2956,Dropout
2957,Dropout
2958,Enrolled
2959,Dropout
2960,Graduate
2961,Graduate
2962,Graduate
2963,Dropout
2964,Graduate
2965,Graduate
2966,Graduate
2967,Graduate
2968,Dropout
2969,Dropout
2970,Graduate
2971,Dropout
2972,Dropout
2973,Enrolled
2974,Dropout
2975,Dropout
2976,Graduate
2977,Graduate
2978,Graduate
2979,Graduate
2980,Enrolled
2981,Graduate
2982,Enrolled
2983,Graduate
2984,Enrolled
2985,Graduate
2986,Graduate
2987,Graduate
2988,Graduate
2989,Graduate
2990,Graduate
2991,Graduate
2992,Graduate
2993,Dropout
2994,Graduate
2995,Graduate
2996,Graduate
2997,Graduate
2998,Graduate
2999,Graduate
3000,Dropout
3001,Enrolled
3002,Enrolled
3003,Graduate
3004,Graduate
3005,Graduate
3006,Graduate
3007,Enrolled
3008,Enrolled
3009,Graduate
3010,Graduate
3011,Dropout
3012,Enrolled
3013,Graduate
3014,Dropout
3015,Dropout
3016,Graduate
3017,Graduate
3018,Graduate
3019,Graduate
3020,Graduate
3021,Enrolled
3022,Graduate
3023,Dropout
3024,Graduate
3025,Graduate
3026,Graduate
3027,Enrolled
3028,Graduate
3029,Graduate
3030,Graduate
3031,Graduate
3032,Dropout
3033,Graduate
3034,Graduate
3035,Enrolled
3036,Enrolled
3037,Dropout
3038,Graduate
3039,Graduate
3040,Graduate
3041,Graduate
3042,Graduate
3043,Graduate
3044,Graduate
3045,Graduate
3046,Graduate
3047,Enrolled
3048,Graduate
3049,Graduate
3050,Graduate
3051,Dropout
3052,Enrolled
3053,Graduate
3054,Graduate
3055,Graduate
3056,Dropout
3057,Graduate
3058,Dropout
3059,Graduate
3060,Graduate
3061,Graduate
3062,Enrolled
3063,Graduate
3064,Graduate
3065,Graduate
3066,Dropout
3067,Enrolled
3068,Enrolled
3069,Dropout
3070,Dropout
3071,Graduate
3072,Dropout
3073,Graduate
3074,Dropout
3075,Graduate
3076,Graduate
3077,Graduate
3078,Dropout
3079,Enrolled
3080,Graduate
3081,Graduate
3082,Graduate
3083,Graduate
3084,Dropout
3085,Graduate
3086,Graduate
3087,Graduate
3088,Graduate
3089,Graduate
3090,Dropout
3091,Graduate
3092,Dropout
3093,Graduate
3094,Graduate
3095,Dropout
3096,Graduate
3097,Graduate
3098,Dropout
3099,Enrolled
3100,Dropout
3101,Enrolled
3102,Graduate
3103,Dropout
3104,Dropout
3105,Graduate
3106,Graduate
3107,Graduate
3108,Graduate
3109,Graduate
3110,Graduate
3111,Enrolled
3112,Dropout
3113,Graduate
3114,Graduate
3115,Graduate
3116,Graduate
3117,Dropout
3118,Enrolled
3119,Graduate
3120,Graduate
3121,Graduate
3122,Graduate
3123,Graduate
3124,Graduate
3125,Graduate
3126,Graduate
3127,Graduate
3128,Graduate
3129,Graduate
3130,Graduate
3131,Dropout
3132,Graduate
3133,Graduate
3134,Graduate
3135,Enrolled
3136,Enrolled
3137,Graduate
3138,Graduate
3139,Graduate
3140,Graduate
3141,Graduate
3142,Graduate
3143,Dropout
3144,Graduate
3145,Graduate
3146,Dropout
3147,Graduate
3148,Enrolled
3149,Graduate
3150,Graduate
3151,Graduate
3152,Enrolled
3153,Graduate
3154,Enrolled
3155,Enrolled
3156,Enrolled
3157,Graduate
3158,Dropout
3159,Enrolled
3160,Dropout
3161,Graduate
3162,Graduate
3163,Graduate
3164,Graduate
3165,Enrolled
3166,Enrolled
3167,Dropout
3168,Graduate
3169,Graduate
3170,Graduate
3171,Enrolled
3172,Dropout
3173,Graduate
3174,Graduate
3175,Graduate
3176,Dropout
3177,Dropout
3178,Graduate
3179,Graduate
3180,Graduate
3181,Dropout
3182,Enrolled
3183,Graduate
3184,Dropout
3185,Enrolled
3186,Graduate
3187,Dropout
3188,Dropout
3189,Dropout
3190,Dropout
3191,Dropout
3192,Graduate
3193,Dropout
3194,Enrolled
3195,Enrolled
3196,Dropout
3197,Enrolled
3198,Enrolled
3199,Dropout
3200,Graduate
3201,Dropout
3202,Graduate
3203,Enrolled
3204,Dropout
3205,Dropout
3206,Dropout
3207,Graduate
3208,Enrolled
3209,Graduate
3210,Graduate
3211,Graduate
3212,Graduate
3213,Graduate
3214,Dropout
3215,Graduate
3216,Graduate
3217,Dropout
3218,Graduate
3219,Dropout
3220,Dropout
3221,Dropout
3222,Dropout
3223,Graduate
3224,Dropout
3225,Enrolled
3226,Graduate
3227,Graduate
3228,Enrolled
3229,Graduate
3230,Graduate
3231,Graduate
3232,Dropout
3233,Graduate
3234,Dropout
3235,Graduate
3236,Graduate
3237,Graduate
3238,Enrolled
3239,Graduate
3240,Graduate
3241,Dropout
3242,Dropout
3243,Dropout
3244,Graduate
3245,Dropout
3246,Graduate
3247,Dropout
3248,Graduate
3249,Graduate
3250,Graduate
3251,Dropout
3252,Graduate
3253,Dropout
3254,Dropout
3255,Enrolled
3256,Graduate
3257,Graduate
3258,Graduate
3259,Graduate
3260,Graduate
3261,Graduate
3262,Graduate
3263,Dropout
3264,Graduate
3265,Graduate
3266,Enrolled
3267,Dropout
3268,Enrolled
3269,Dropout
3270,Graduate
3271,Dropout
3272,Graduate
3273,Graduate
3274,Graduate
3275,Dropout
3276,Graduate
3277,Graduate
3278,Graduate
3279,Enrolled
3280,Enrolled
3281,Graduate
3282,Graduate
3283,Graduate
3284,Graduate
3285,Graduate
3286,Graduate
3287,Dropout
3288,Dropout
3289,Enrolled
3290,Graduate
3291,Dropout
3292,Dropout
3293,Graduate
3294,Graduate
3295,Dropout
3296,Graduate
3297,Graduate
3298,Dropout
3299,Graduate
3300,Dropout
3301,Graduate
3302,Graduate
3303,Graduate
3304,Graduate
3305,Graduate
3306,Graduate
3307,Dropout
3308,Graduate
3309,Graduate
3310,Dropout
3311,Dropout
3312,Graduate
3313,Dropout
3314,Graduate
3315,Dropout
3316,Graduate
3317,Dropout
3318,Enrolled
3319,Dropout
3320,Dropout
3321,Enrolled
3322,Dropout
3323,Dropout
3324,Dropout
3325,Graduate
3326,Enrolled
3327,Graduate
3328,Dropout
3329,Dropout
3330,Dropout
3331,Graduate
3332,Dropout
3333,Graduate
3334,Dropout
3335,Graduate
3336,Dropout
3337,Dropout
3338,Dropout
3339,Graduate
3340,Dropout
3341,Dropout
3342,Graduate
3343,Graduate
3344,Graduate
3345,Graduate
3346,Enrolled
3347,Dropout
3348,Dropout
3349,Graduate
3350,Dropout
3351,Enrolled
3352,Dropout
3353,Graduate
3354,Graduate
3355,Graduate
3356,Dropout
3357,Enrolled
3358,Dropout
3359,Dropout
3360,Enrolled
3361,Graduate
3362,Graduate
3363,Graduate
3364,Dropout
3365,Dropout
3366,Enrolled
3367,Graduate
3368,Graduate
3369,Graduate
3370,Enrolled
3371,Dropout
3372,Dropout
3373,Graduate
3374,Graduate
3375,Graduate
3376,Enrolled
3377,Graduate
3378,Graduate
3379,Enrolled
3380,Graduate
3381,Dropout
3382,Graduate
3383,Graduate
3384,Dropout
3385,Graduate
3386,Graduate
3387,Graduate
3388,Enrolled
3389,Enrolled
3390,Enrolled
3391,Graduate
3392,Graduate
3393,Graduate
3394,Graduate
3395,Graduate
3396,Graduate
3397,Graduate
3398,Graduate
3399,Graduate
3400,Graduate
3401,Graduate
3402,Enrolled
3403,Graduate
3404,Graduate
3405,Dropout
3406,Enrolled
3407,Graduate
3408,Graduate
3409,Dropout
3410,Graduate
3411,Graduate
3412,Graduate
3413,Dropout
3414,Dropout
3415,Graduate
3416,Graduate
3417,Graduate
3418,Dropout
3419,Graduate
3420,Graduate
3421,Graduate
3422,Dropout
3423,Graduate
3424,Graduate
3425,Dropout
3426,Dropout
3427,Enrolled
3428,Enrolled
3429,Graduate
3430,Dropout
3431,Graduate
3432,Graduate
3433,Graduate
3434,Graduate
3435,Graduate
3436,Enrolled
3437,Graduate
3438,Graduate
3439,Graduate
3440,Dropout
3441,Graduate
3442,Enrolled
3443,Graduate
3444,Graduate
3445,Graduate
3446,Graduate
3447,Graduate
3448,Dropout
3449,Graduate
3450,Graduate
3451,Dropout
3452,Dropout
3453,Graduate
3454,Graduate
3455,Dropout
3456,Graduate
3457,Graduate
3458,Graduate
3459,Graduate
3460,Dropout
3461,Graduate
3462,Dropout
3463,Dropout
3464,Enrolled
3465,Graduate
3466,Dropout
3467,Graduate
3468,Dropout
3469,Graduate
3470,Graduate
3471,Graduate
3472,Graduate
3473,Dropout
3474,Graduate
3475,Dropout
3476,Graduate
3477,Graduate
3478,Graduate
3479,Enrolled
3480,Graduate
3481,Graduate
3482,Dropout
3483,Dropout
3484,Dropout
3485,Dropout
3486,Dropout
3487,Graduate
3488,Dropout
3489,Dropout
3490,Graduate
3491,Dropout
3492,Dropout
3493,Dropout
3494,Dropout
3495,Graduate
3496,Graduate
3497,Dropout
3498,Dropout
3499,Graduate
3500,Graduate
3501,Graduate
3502,Dropout
3503,Graduate
3504,Enrolled
3505,Graduate
3506,Dropout
3507,Dropout
3508,Graduate
3509,Graduate
3510,Dropout
3511,Dropout
3512,Graduate
3513,Graduate
3514,Dropout
3515,Dropout
3516,Enrolled
3517,Dropout
3518,Enrolled
3519,Dropout
3520,Dropout
3521,Graduate
3522,Graduate
3523,Graduate
3524,Enrolled
3525,Dropout
3526,Graduate
3527,Graduate
3528,Enrolled
3529,Enrolled
3530,Enrolled
3531,Graduate
3532,Dropout
3533,Graduate
3534,Dropout
3535,Dropout
3536,Graduate
3537,Dropout
3538,Dropout
3539,Enrolled
3540,Graduate
3541,Dropout
3542,Dropout
3543,Dropout
3544,Enrolled
3545,Enrolled
3546,Graduate
3547,Graduate
3548,Dropout
3549,Dropout
3550,Graduate
3551,Enrolled
3552,Dropout
3553,Enrolled
3554,Graduate
3555,Graduate
3556,Graduate
3557,Enrolled
3558,Dropout
3559,Graduate
3560,Graduate
3561,Dropout
3562,Graduate
3563,Dropout
3564,Graduate
3565,Dropout
3566,Dropout
3567,Graduate
3568,Graduate
3569,Graduate
3570,Dropout
3571,Enrolled
3572,Graduate
3573,Dropout
3574,Dropout
3575,Enrolled
3576,Graduate
3577,Graduate
3578,Dropout
3579,Dropout
3580,Graduate
3581,Graduate
3582,Graduate
3583,Dropout
3584,Graduate
3585,Graduate
3586,Dropout
3587,Graduate
3588,Graduate
3589,Dropout
3590,Dropout
3591,Dropout
3592,Graduate
3593,Graduate
3594,Graduate
3595,Enrolled
3596,Graduate
3597,Enrolled
3598,Graduate
3599,Graduate
3600,Graduate
3601,Dropout
3602,Graduate
3603,Graduate
3604,Enrolled
3605,Graduate
3606,Graduate
3607,Dropout
3608,Dropout
3609,Graduate
3610,Enrolled
3611,Enrolled
3612,Dropout
3613,Graduate
3614,Enrolled
3615,Enrolled
3616,Graduate
3617,Graduate
3618,Graduate
3619,Graduate
3620,Graduate
3621,Graduate
3622,Graduate
3623,Graduate
3624,Dropout
3625,Graduate
3626,Enrolled
3627,Dropout
3628,Graduate
3629,Enrolled
3630,Graduate
3631,Graduate
3632,Enrolled
3633,Graduate
3634,Graduate
3635,Graduate
3636,Dropout
3637,Graduate
3638,Enrolled
3639,Graduate
3640,Graduate
3641,Graduate
3642,Dropout
3643,Graduate
3644,Enrolled
3645,Graduate
3646,Dropout
3647,Graduate
3648,Dropout
3649,Graduate
3650,Graduate
3651,Enrolled
3652,Dropout
3653,Graduate
3654,Graduate
3655,Graduate
3656,Graduate
3657,Graduate
3658,Graduate
3659,Graduate
3660,Graduate
3661,Dropout
3662,Enrolled
3663,Graduate
3664,Graduate
3665,Graduate
3666,Enrolled
3667,Graduate
3668,Dropout
3669,Graduate
3670,Enrolled
3671,Enrolled
3672,Graduate
3673,Graduate
3674,Enrolled
3675,Enrolled
3676,Graduate
3677,Dropout
3678,Dropout
3679,Graduate
3680,Graduate
3681,Dropout
3682,Graduate
3683,Dropout
3684,Graduate
3685,Dropout
3686,Graduate
3687,Graduate
3688,Enrolled
3689,Dropout
3690,Dropout
3691,Enrolled
3692,Enrolled
3693,Dropout
3694,Graduate
3695,Graduate
3696,Dropout
3697,Graduate
3698,Graduate
3699,Graduate
3700,Dropout
3701,Graduate
3702,Graduate
3703,Dropout
3704,Dropout
3705,Graduate
3706,Graduate
3707,Graduate
3708,Dropout
3709,Graduate
3710,Graduate
3711,Graduate
3712,Dropout
3713,Dropout
3714,Dropout
3715,Dropout
3716,Graduate
3717,Dropout
3718,Dropout
3719,Dropout
3720,Dropout
3721,Dropout
3722,Dropout
3723,Dropout
3724,Graduate
3725,Graduate
3726,Enrolled
3727,Dropout
3728,Graduate
3729,Enrolled
3730,Graduate
3731,Enrolled
3732,Graduate
3733,Enrolled
3734,Dropout
3735,Dropout
3736,Graduate
3737,Graduate
3738,Enrolled
3739,Graduate
3740,Dropout
3741,Graduate
3742,Enrolled
3743,Graduate
3744,Dropout
3745,Dropout
3746,Enrolled
3747,Graduate
3748,Graduate
3749,Dropout
3750,Graduate
3751,Graduate
3752,Enrolled
3753,Graduate
3754,Graduate
3755,Dropout
3756,Graduate
3757,Graduate
3758,Graduate
3759,Enrolled
3760,Dropout
3761,Graduate
3762,Dropout
3763,Graduate
3764,Graduate
3765,Graduate
3766,Graduate
3767,Graduate
3768,Graduate
3769,Graduate
3770,Graduate
3771,Dropout
3772,Graduate
3773,Graduate
3774,Dropout
3775,Graduate
3776,Graduate
3777,Graduate
3778,Graduate
3779,Enrolled
3780,Graduate
3781,Dropout
3782,Graduate
3783,Graduate
3784,Graduate
3785,Graduate
3786,Graduate
3787,Dropout
3788,Enrolled
3789,Dropout
3790,Graduate
3791,Graduate
3792,Dropout
3793,Dropout
3794,Dropout
3795,Dropout
3796,Graduate
3797,Graduate
3798,Dropout
3799,Graduate
3800,Dropout
3801,Dropout
3802,Graduate
3803,Graduate
3804,Dropout
3805,Enrolled
3806,Enrolled
3807,Graduate
3808,Graduate
3809,Graduate
3810,Graduate
3811,Graduate
3812,Graduate
3813,Graduate
3814,Graduate
3815,Graduate
3816,Graduate
3817,Dropout
3818,Graduate
3819,Dropout
3820,Dropout
3821,Dropout
3822,Dropout
3823,Graduate
3824,Enrolled
3825,Graduate
3826,Dropout
3827,Dropout
3828,Graduate
3829,Dropout
3830,Graduate
3831,Graduate
3832,Graduate
3833,Dropout
3834,Dropout
3835,Enrolled
3836,Enrolled
3837,Graduate
3838,Enrolled
3839,Dropout
3840,Dropout
3841,Graduate
3842,Graduate
3843,Dropout
3844,Dropout
3845,Graduate
3846,Dropout
3847,Dropout
3848,Dropout
3849,Dropout
3850,Graduate
3851,Dropout
3852,Dropout
3853,Dropout
3854,Graduate
3855,Dropout
3856,Graduate
3857,Dropout
3858,Enrolled
3859,Dropout
3860,Enrolled
3861,Enrolled
3862,Dropout
3863,Graduate
3864,Graduate
3865,Dropout
3866,Dropout
3867,Dropout
3868,Graduate
3869,Graduate
3870,Dropout
3871,Graduate
3872,Graduate
3873,Graduate
3874,Dropout
3875,Dropout
3876,Dropout
3877,Graduate
3878,Graduate
3879,Graduate
3880,Dropout
3881,Graduate
3882,Graduate
3883,Graduate
3884,Graduate
3885,Enrolled
3886,Graduate
3887,Graduate
3888,Enrolled
3889,Enrolled
3890,Graduate
3891,Graduate
3892,Graduate
3893,Enrolled
3894,Dropout
3895,Enrolled
3896,Graduate
3897,Dropout
3898,Graduate
3899,Dropout
3900,Dropout
3901,Graduate
3902,Dropout
3903,Dropout
3904,Dropout
3905,Dropout
3906,Dropout
3907,Graduate
3908,Dropout
3909,Graduate
3910,Dropout
3911,Graduate
3912,Graduate
3913,Graduate
3914,Graduate
3915,Graduate
3916,Graduate
3917,Enrolled
3918,Graduate
3919,Graduate
3920,Dropout
3921,Graduate
3922,Graduate
3923,Enrolled
3924,Graduate
3925,Graduate
3926,Dropout
3927,Graduate
3928,Graduate
3929,Graduate
3930,Dropout
3931,Graduate
3932,Graduate
3933,Enrolled
3934,Graduate
3935,Dropout
3936,Graduate
3937,Graduate
3938,Dropout
3939,Graduate
3940,Graduate
3941,Dropout
3942,Dropout
3943,Graduate
3944,Dropout
3945,Dropout
3946,Graduate
3947,Dropout
3948,Dropout
3949,Enrolled
3950,Dropout
3951,Graduate
3952,Dropout
3953,Graduate
3954,Graduate
3955,Dropout
3956,Dropout
3957,Graduate
3958,Graduate
3959,Graduate
3960,Graduate
3961,Dropout
3962,Graduate
3963,Graduate
3964,Enrolled
3965,Dropout
3966,Graduate
3967,Graduate
3968,Dropout
3969,Dropout
3970,Enrolled
3971,Graduate
3972,Graduate
3973,Graduate
3974,Graduate
3975,Graduate
3976,Graduate
3977,Enrolled
3978,Graduate
3979,Graduate
3980,Dropout
3981,Graduate
3982,Graduate
3983,Enrolled
3984,Graduate
3985,Dropout
3986,Graduate
3987,Enrolled
3988,Graduate
3989,Enrolled
3990,Graduate
3991,Graduate
3992,Enrolled
3993,Graduate
3994,Graduate
3995,Enrolled
3996,Dropout
3997,Graduate
3998,Graduate
3999,Dropout
4000,Graduate
4001,Dropout
4002,Dropout
4003,Graduate
4004,Graduate
4005,Graduate
4006,Dropout
4007,Graduate
4008,Dropout
4009,Dropout
4010,Dropout
4011,Dropout
4012,Enrolled
4013,Dropout
4014,Graduate
4015,Graduate
4016,Graduate
4017,Graduate
4018,Dropout
4019,Graduate
4020,Graduate
4021,Dropout
4022,Enrolled
4023,Graduate
4024,Enrolled
4025,Enrolled
4026,Graduate
4027,Graduate
4028,Graduate
4029,Graduate
4030,Dropout
4031,Graduate
4032,Enrolled
4033,Graduate
4034,Enrolled
4035,Dropout
4036,Dropout
4037,Graduate
4038,Dropout
4039,Graduate
4040,Graduate
4041,Enrolled
4042,Graduate
4043,Graduate
4044,Graduate
4045,Graduate
4046,Dropout
4047,Graduate
4048,Graduate
4049,Graduate
4050,Graduate
4051,Dropout
4052,Graduate
4053,Enrolled
4054,Graduate
4055,Graduate
4056,Dropout
4057,Enrolled
4058,Enrolled
4059,Graduate
4060,Dropout
4061,Graduate
4062,Enrolled
4063,Graduate
4064,Enrolled
4065,Graduate
4066,Graduate
4067,Graduate
4068,Dropout
4069,Graduate
4070,Dropout
4071,Graduate
4072,Dropout
4073,Dropout
4074,Graduate
4075,Graduate
4076,Dropout
4077,Graduate
4078,Dropout
4079,Graduate
4080,Graduate
4081,Dropout
4082,Enrolled
4083,Graduate
4084,Graduate
4085,Dropout
4086,Dropout
4087,Graduate
4088,Enrolled
4089,Graduate
4090,Dropout
4091,Dropout
4092,Dropout
4093,Dropout
4094,Graduate
4095,Enrolled
4096,Graduate
4097,Graduate
4098,Graduate
4099,Dropout
4100,Dropout
4101,Graduate
4102,Graduate
4103,Graduate
4104,Enrolled
4105,Graduate
4106,Graduate
4107,Graduate
4108,Graduate
4109,Graduate
4110,Graduate
4111,Graduate
4112,Graduate
4113,Graduate
4114,Dropout
4115,Graduate
4116,Graduate
4117,Graduate
4118,Graduate
4119,Graduate
4120,Graduate
4121,Graduate
4122,Graduate
4123,Graduate
4124,Graduate
4125,Graduate
4126,Dropout
4127,Graduate
4128,Graduate
4129,Graduate
4130,Graduate
4131,Graduate
4132,Graduate
4133,Enrolled
4134,Graduate
4135,Graduate
4136,Graduate
4137,Graduate
4138,Dropout
4139,Dropout
4140,Graduate
4141,Dropout
4142,Dropout
4143,Graduate
4144,Enrolled
4145,Enrolled
4146,Dropout
4147,Dropout
4148,Dropout
4149,Enrolled
4150,Dropout
4151,Graduate
4152,Dropout
4153,Graduate
4154,Graduate
4155,Enrolled
4156,Graduate
4157,Graduate
4158,Enrolled
4159,Graduate
4160,Graduate
4161,Enrolled
4162,Graduate
4163,Graduate
4164,Graduate
4165,Dropout
4166,Graduate
4167,Dropout
4168,Graduate
4169,Graduate
4170,Dropout
4171,Dropout
4172,Enrolled
4173,Enrolled
4174,Graduate
4175,Graduate
4176,Dropout
4177,Graduate
4178,Dropout
4179,Graduate
4180,Graduate
4181,Dropout
4182,Dropout
4183,Dropout
4184,Graduate
4185,Dropout
4186,Dropout
4187,Graduate
4188,Graduate
4189,Graduate
4190,Dropout
4191,Enrolled
4192,Graduate
4193,Dropout
4194,Graduate
4195,Enrolled
4196,Enrolled
4197,Graduate
4198,Graduate
4199,Enrolled
4200,Graduate
4201,Graduate
4202,Graduate
4203,Dropout
4204,Graduate
4205,Dropout
4206,Graduate
4207,Graduate
4208,Graduate
4209,Dropout
4210,Graduate
4211,Enrolled
4212,Graduate
4213,Graduate
4214,Enrolled
4215,Graduate
4216,Graduate
4217,Dropout
4218,Graduate
4219,Graduate
4220,Graduate
4221,Dropout
4222,Graduate
4223,Graduate
4224,Graduate
4225,Graduate
4226,Enrolled
4227,Enrolled
4228,Graduate
4229,Graduate
4230,Dropout
4231,Graduate
4232,Dropout
4233,Graduate
4234,Graduate
4235,Enrolled
4236,Enrolled
4237,Dropout
4238,Graduate
4239,Graduate
4240,Graduate
4241,Graduate
4242,Graduate
4243,Graduate
4244,Enrolled
4245,Enrolled
4246,Dropout
4247,Graduate
4248,Graduate
4249,Dropout
4250,Graduate
4251,Dropout
4252,Dropout
4253,Dropout
4254,Dropout
4255,Graduate
4256,Graduate
4257,Graduate
4258,Graduate
4259,Graduate
4260,Enrolled
4261,Dropout
4262,Graduate
4263,Enrolled
4264,Dropout
4265,Enrolled
4266,Graduate
4267,Dropout
4268,Graduate
4269,Enrolled
4270,Graduate
4271,Graduate
4272,Graduate
4273,Graduate
4274,Graduate
4275,Enrolled
4276,Graduate
4277,Dropout
4278,Graduate
4279,Graduate
4280,Dropout
4281,Dropout
4282,Dropout
4283,Dropout
4284,Dropout
4285,Graduate
4286,Graduate
4287,Graduate
4288,Dropout
4289,Dropout
4290,Graduate
4291,Graduate
4292,Enrolled
4293,Graduate
4294,Graduate
4295,Graduate
4296,Dropout
4297,Graduate
4298,Graduate
4299,Dropout
4300,Dropout
4301,Graduate
4302,Dropout
4303,Graduate
4304,Dropout
4305,Dropout
4306,Graduate
4307,Dropout
4308,Dropout
4309,Dropout
4310,Graduate
4311,Enrolled
4312,Enrolled
4313,Dropout
4314,Graduate
4315,Dropout
4316,Graduate
4317,Graduate
4318,Graduate
4319,Enrolled
4320,Graduate
4321,Enrolled
4322,Graduate
4323,Graduate
4324,Dropout
4325,Graduate
4326,Graduate
4327,Graduate
4328,Dropout
4329,Dropout
4330,Graduate
4331,Dropout
4332,Dropout
4333,Graduate
4334,Graduate
4335,Enrolled
4336,Enrolled
4337,Enrolled
4338,Graduate
4339,Graduate
4340,Enrolled
4341,Enrolled
4342,Graduate
4343,Dropout
4344,Graduate
4345,Graduate
4346,Graduate
4347,Dropout
4348,Dropout
4349,Graduate
4350,Graduate
4351,Enrolled
4352,Enrolled
4353,Graduate
4354,Enrolled
4355,Dropout
4356,Graduate
4357,Dropout
4358,Graduate
4359,Dropout
4360,Enrolled
4361,Graduate
4362,Dropout
4363,Graduate
4364,Dropout
4365,Dropout
4366,Dropout
4367,Graduate
4368,Enrolled
4369,Dropout
4370,Graduate
4371,Enrolled
4372,Graduate
4373,Dropout
4374,Enrolled
4375,Graduate
4376,Dropout
4377,Graduate
4378,Graduate
4379,Enrolled
4380,Graduate
4381,Dropout
4382,Dropout
4383,Graduate
4384,Graduate
4385,Enrolled
4386,Enrolled
4387,Dropout
4388,Graduate
4389,Graduate
4390,Graduate
4391,Dropout
4392,Graduate
4393,Graduate
4394,Dropout
4395,Graduate
4396,Dropout
4397,Graduate
4398,Enrolled
4399,Dropout
4400,Graduate
4401,Dropout
4402,Dropout
4403,Enrolled
4404,Enrolled
4405,Dropout
4406,Graduate
4407,Graduate
4408,Graduate
4409,Dropout
4410,Graduate
4411,Graduate
4412,Enrolled
4413,Graduate
4414,Dropout
4415,Graduate
4416,Dropout
4417,Graduate
4418,Graduate
4419,Graduate
4420,Graduate
4421,Graduate
4422,Graduate
4423,Graduate
4424,Graduate
