StudentID,Target
2212,Dropout
2213,Dropout
2214,Dropout
2215,Dropout
2216,Dropout
2217,Dropout
2218,Dropout
2219,Dropout
2220,Dropout
2221,Dropout
2222,Dropout
2223,Dropout
2224,Dropout
2225,Dropout
2226,Dropout
2227,Dropout
2228,Dropout
2229,Dropout
2230,Dropout
2231,Dropout
2232,Dropout
2233,Dropout
2234,Dropout
2235,Dropout
2236,Dropout
2237,Dropout
2238,Dropout
2239,Dropout
2240,Dropout
2241,Dropout
2242,Dropout
2243,Dropout
2244,Dropout
2245,Dropout
2246,Dropout
2247,Dropout
2248,Dropout
2249,Dropout
2250,Dropout
2251,Dropout
2252,Dropout
2253,Dropout
2254,Dropout
2255,Dropout
2256,Dropout
2257,Dropout
2258,Dropout
2259,Dropout
2260,Dropout
2261,Dropout
2262,Dropout
2263,Dropout
2264,Dropout
2265,Dropout
2266,Dropout
2267,Dropout
2268,Dropout
2269,Dropout
2270,Dropout
2271,Dropout
2272,Dropout
2273,Dropout
2274,Dropout
2275,Dropout
2276,Dropout
2277,Dropout
2278,Dropout
2279,Dropout
2280,Dropout
2281,Dropout
2282,Dropout
2283,Dropout
2284,Dropout
2285,Dropout
2286,Dropout
2287,Dropout
2288,Dropout
2289,Dropout
2290,Dropout
2291,Dropout
2292,Dropout
2293,Dropout
2294,Dropout
2295,Dropout
2296,Dropout
2297,Dropout
2298,Dropout
2299,Dropout
2300,Dropout
2301,Dropout
2302,Dropout
2303,Dropout
2304,Dropout
2305,Dropout
2306,Dropout
2307,Dropout
2308,Dropout
2309,Dropout
2310,Dropout
2311,Dropout
2312,Dropout
2313,Dropout
2314,Dropout
2315,Dropout
2316,Dropout
2317,Dropout
2318,Dropout
2319,Dropout
2320,Dropout
2321,Dropout
2322,Dropout
2323,Dropout
2324,Dropout
2325,Dropout
2326,Dropout
2327,Dropout
2328,Dropout
2329,Dropout
2330,Dropout
2331,Dropout
2332,Dropout
2333,Dropout
2334,Dropout
2335,Dropout
2336,Dropout
2337,Dropout
2338,Dropout
2339,Dropout
2340,Dropout
2341,Dropout
2342,Dropout
2343,Dropout
2344,Dropout
2345,Dropout
2346,Dropout
2347,Dropout
2348,Dropout
2349,Dropout
2350,Dropout
2351,Dropout
2352,Dropout
2353,Dropout
2354,Dropout
2355,Dropout
2356,Dropout
2357,Dropout
2358,Dropout
2359,Dropout
2360,Dropout
2361,Dropout
2362,Dropout
2363,Dropout
2364,Dropout
2365,Dropout
2366,Dropout
2367,Dropout
2368,Dropout
2369,Dropout
2370,Dropout
2371,Dropout
2372,Dropout
2373,Dropout
2374,Dropout
2375,Dropout
2376,Dropout
2377,Dropout
2378,Dropout
2379,Dropout
2380,Dropout
2381,Dropout
2382,Dropout
2383,Dropout
2384,Dropout
2385,Dropout
2386,Dropout
2387,Dropout
2388,Dropout
2389,Dropout
2390,Dropout
2391,Dropout
2392,Dropout
2393,Dropout
2394,Dropout
2395,Dropout
2396,Dropout
2397,Dropout
2398,Dropout
2399,Dropout
2400,Dropout
2401,Dropout
2402,Dropout
2403,Dropout
2404,Dropout
2405,Dropout
2406,Dropout
2407,Dropout
2408,Dropout
2409,Dropout
2410,Dropout
2411,Dropout
2412,Dropout
2413,Dropout
2414,Dropout
2415,Dropout
2416,Dropout
2417,Dropout
2418,Dropout
2419,Dropout
2420,Dropout
2421,Dropout
2422,Dropout
2423,Dropout
2424,Dropout
2425,Dropout
2426,Dropout
2427,Dropout
2428,Dropout
2429,Dropout
2430,Dropout
2431,Dropout
2432,Dropout
2433,Dropout
2434,Dropout
2435,Dropout
2436,Dropout
2437,Dropout
2438,Dropout
2439,Dropout
2440,Dropout
2441,Dropout
2442,Dropout
2443,Dropout
2444,Dropout
2445,Dropout
2446,Dropout
2447,Dropout
2448,Dropout
2449,Dropout
2450,Dropout
2451,Dropout
2452,Dropout
2453,Dropout
2454,Dropout
2455,Dropout
2456,Dropout
2457,Dropout
2458,Dropout
2459,Dropout
2460,Dropout
2461,Dropout
2462,Dropout
2463,Dropout
2464,Dropout
2465,Dropout
2466,Dropout
2467,Dropout
2468,Dropout
2469,Dropout
2470,Dropout
2471,Dropout
2472,Dropout
2473,Dropout
2474,Dropout
2475,Dropout
2476,Dropout
2477,Dropout
2478,Dropout
2479,Dropout
2480,Dropout
2481,Dropout
2482,Dropout
2483,Dropout
2484,Dropout
2485,Dropout
2486,Dropout
2487,Dropout
2488,Dropout
2489,Dropout
2490,Dropout
2491,Dropout
2492,Dropout
2493,Dropout
2494,Dropout
2495,Dropout
2496,Dropout
2497,Dropout
2498,Dropout
2499,Dropout
2500,Dropout
2501,Dropout
2502,Dropout
2503,Dropout
2504,Dropout
2505,Dropout
2506,Dropout
2507,Dropout
2508,Dropout
2509,Dropout
2510,Dropout
2511,Dropout
2512,Dropout
2513,Dropout
2514,Dropout
2515,Dropout
2516,Dropout
2517,Dropout
2518,Dropout
2519,Dropout
2520,Dropout
2521,Dropout
2522,Dropout
2523,Dropout
2524,Dropout
2525,Dropout
2526,Dropout
2527,Dropout
2528,Dropout
2529,Dropout
2530,Dropout
2531,Dropout
2532,Dropout
2533,Dropout
2534,Dropout
2535,Dropout
2536,Dropout
2537,Dropout
2538,Dropout
2539,Dropout
2540,Dropout
2541,Dropout
2542,Dropout
2543,Dropout
2544,Dropout
2545,Dropout
2546,Dropout
2547,Dropout
2548,Dropout
2549,Dropout
2550,Dropout
2551,Dropout
2552,Dropout
2553,Dropout
2554,Dropout
2555,Dropout
2556,Dropout
2557,Dropout
2558,Dropout
2559,Dropout
2560,Dropout
2561,Dropout
2562,Dropout
2563,Dropout
2564,Dropout
2565,Dropout
2566,Dropout
2567,Dropout
2568,Dropout
2569,Dropout
2570,Dropout
2571,Dropout
2572,Dropout
2573,Dropout
2574,Dropout
2575,Dropout
2576,Dropout
2577,Dropout
2578,Dropout
2579,Dropout
2580,Dropout
2581,Dropout
2582,Dropout
2583,Dropout
2584,Dropout
2585,Dropout
2586,Dropout
2587,Dropout
2588,Dropout
2589,Dropout
2590,Dropout
2591,Dropout
2592,Dropout
2593,Dropout
2594,Dropout
2595,Dropout
2596,Dropout
2597,Dropout
2598,Dropout
2599,Dropout
2600,Dropout
2601,Dropout
2602,Dropout
2603,Dropout
2604,Dropout
2605,Dropout
2606,Dropout
2607,Dropout
2608,Dropout
2609,Dropout
2610,Dropout
2611,Dropout
2612,Dropout
2613,Dropout
2614,Dropout
2615,Dropout
2616,Dropout
2617,Dropout
2618,Dropout
2619,Dropout
2620,Dropout
2621,Dropout
2622,Dropout
2623,Dropout
2624,Dropout
2625,Dropout
2626,Dropout
2627,Dropout
2628,Dropout
2629,Dropout
2630,Dropout
2631,Dropout
2632,Dropout
2633,Dropout
2634,Dropout
2635,Dropout
2636,Dropout
2637,Dropout
2638,Dropout
2639,Dropout
2640,Dropout
2641,Dropout
2642,Dropout
2643,Dropout
2644,Dropout
2645,Dropout
2646,Dropout
2647,Dropout
2648,Dropout
2649,Dropout
2650,Dropout
2651,Dropout
2652,Dropout
2653,Dropout
2654,Dropout
2655,Dropout
2656,Dropout
2657,Dropout
2658,Dropout
2659,Dropout
2660,Dropout
2661,Dropout
2662,Dropout
2663,Dropout
2664,Dropout
2665,Dropout
2666,Dropout
2667,Dropout
2668,Dropout
2669,Dropout
2670,Dropout
2671,Dropout
2672,Dropout
2673,Dropout
2674,Dropout
2675,Dropout
2676,Dropout
2677,Dropout
2678,Dropout
2679,Dropout
2680,Dropout
2681,Dropout
2682,Dropout
2683,Dropout
2684,Dropout
2685,Dropout
2686,Dropout
2687,Dropout
2688,Dropout
2689,Dropout
2690,Dropout
2691,Dropout
2692,Dropout
2693,Dropout
2694,Dropout
2695,Dropout
2696,Dropout
2697,Dropout
2698,Dropout
2699,Dropout
2700,Dropout
2701,Dropout
2702,Dropout
2703,Dropout
2704,Dropout
2705,Dropout
2706,Dropout
2707,Dropout
2708,Dropout
2709,Dropout
2710,Dropout
2711,Dropout
2712,Dropout
2713,Dropout
2714,Dropout
2715,Dropout
2716,Dropout
2717,Dropout
2718,Dropout
2719,Dropout
2720,Dropout
2721,Dropout
2722,Dropout
2723,Dropout
2724,Dropout
2725,Dropout
2726,Dropout
2727,Dropout
2728,Dropout
2729,Dropout
2730,Dropout
2731,Dropout
2732,Dropout
2733,Dropout
2734,Dropout
2735,Dropout
2736,Dropout
2737,Dropout
2738,Dropout
2739,Dropout
2740,Dropout
2741,Dropout
2742,Dropout
2743,Dropout
2744,Dropout
2745,Dropout
2746,Dropout
2747,Dropout
2748,Dropout
2749,Dropout
2750,Dropout
2751,Dropout
2752,Dropout
2753,Dropout
2754,Dropout
2755,Dropout
2756,Dropout
2757,Dropout
2758,Dropout
2759,Dropout
2760,Dropout
2761,Dropout
2762,Dropout
2763,Dropout
2764,Dropout
2765,Dropout
2766,Dropout
2767,Dropout
2768,Dropout
2769,Dropout
2770,Dropout
2771,Dropout
2772,Dropout
2773,Dropout
2774,Dropout
2775,Dropout
2776,Dropout
2777,Dropout
2778,Dropout
2779,Dropout
2780,Dropout
2781,Dropout
2782,Dropout
2783,Dropout
2784,Dropout
2785,Dropout
2786,Dropout
2787,Dropout
2788,Dropout
2789,Dropout
2790,Dropout
2791,Dropout
2792,Dropout
2793,Dropout
2794,Dropout
2795,Dropout
2796,Dropout
2797,Dropout
2798,Dropout
2799,Dropout
2800,Dropout
2801,Dropout
2802,Dropout
2803,Dropout
2804,Dropout
2805,Dropout
2806,Dropout
2807,Dropout
2808,Dropout
2809,Dropout
2810,Dropout
2811,Dropout
2812,Dropout
2813,Dropout
2814,Dropout
2815,Dropout
2816,Dropout
2817,Dropout
2818,Dropout
2819,Dropout
2820,Dropout
2821,Dropout
2822,Dropout
2823,Dropout
2824,Dropout
2825,Dropout
2826,Dropout
2827,Dropout
2828,Dropout
2829,Dropout
2830,Dropout
2831,Dropout
2832,Dropout
2833,Dropout
2834,Dropout
2835,Dropout
2836,Dropout
2837,Dropout
2838,Dropout
2839,Dropout
2840,Dropout
2841,Dropout
2842,Dropout
2843,Dropout
2844,Dropout
2845,Dropout
2846,Dropout
2847,Dropout
2848,Dropout
2849,Dropout
2850,Dropout
2851,Dropout
2852,Dropout
2853,Dropout
2854,Dropout
2855,Dropout
2856,Dropout
2857,Dropout
2858,Dropout
2859,Dropout
2860,Dropout
2861,Dropout
2862,Dropout
2863,Dropout
2864,Dropout
2865,Dropout
2866,Dropout
2867,Dropout
2868,Dropout
2869,Dropout
2870,Dropout
2871,Dropout
2872,Dropout
2873,Dropout
2874,Dropout
2875,Dropout
2876,Dropout
2877,Dropout
2878,Dropout
2879,Dropout
2880,Dropout
2881,Dropout
2882,Dropout
2883,Dropout
2884,Dropout
2885,Dropout
2886,Dropout
2887,Dropout
2888,Dropout
2889,Dropout
2890,Dropout
2891,Dropout
2892,Dropout
2893,Dropout
2894,Dropout
2895,Dropout
2896,Dropout
2897,Dropout
2898,Dropout
2899,Dropout
2900,Dropout
2901,Dropout
2902,Dropout
2903,Dropout
2904,Dropout
2905,Dropout
2906,Dropout
2907,Dropout
2908,Dropout
2909,Dropout
2910,Dropout
2911,Dropout
2912,Dropout
2913,Dropout
2914,Dropout
2915,Dropout
2916,Dropout
2917,Dropout
2918,Dropout
2919,Dropout
2920,Dropout
2921,Dropout
2922,Dropout
2923,Dropout
2924,Dropout
2925,Dropout
2926,Dropout
2927,Dropout
2928,Dropout
2929,Dropout
2930,Dropout
2931,Dropout
2932,Dropout
2933,Dropout
2934,Dropout
2935,Dropout
2936,Dropout
2937,Dropout
2938,Dropout
2939,Dropout
2940,Dropout
2941,Dropout
2942,Dropout
2943,Dropout
2944,Dropout
2945,Dropout
2946,Dropout
2947,Dropout
2948,Dropout
2949,Dropout
2950,Dropout
2951,Dropout
2952,Dropout
2953,Dropout
2954,Dropout
2955,Dropout
2956,Dropout
2957,Dropout
2958,Dropout
2959,Dropout
2960,Dropout
2961,Dropout
2962,Dropout
2963,Dropout
2964,Dropout
2965,Dropout
2966,Dropout
2967,Dropout
2968,Dropout
2969,Dropout
2970,Dropout
2971,Dropout
2972,Dropout
2973,Dropout
2974,Dropout
2975,Dropout
2976,Dropout
2977,Dropout
2978,Dropout
2979,Dropout
2980,Dropout
2981,Dropout
2982,Dropout
2983,Dropout
2984,Dropout
2985,Dropout
2986,Dropout
2987,Dropout
2988,Dropout
2989,Dropout
2990,Dropout
2991,Dropout
2992,Dropout
2993,Dropout
2994,Dropout
2995,Dropout
2996,Dropout
2997,Dropout
2998,Dropout
2999,Dropout
3000,Dropout
3001,Dropout
3002,Dropout
3003,Dropout
3004,Dropout
3005,Dropout
3006,Dropout
3007,Dropout
3008,Dropout
3009,Dropout
3010,Dropout
3011,Dropout
3012,Dropout
3013,Dropout
3014,Dropout
3015,Dropout
3016,Dropout
3017,Dropout
3018,Dropout
3019,Dropout
3020,Dropout
3021,Dropout
3022,Dropout
3023,Dropout
3024,Dropout
3025,Dropout
3026,Dropout
3027,Dropout
3028,Dropout
3029,Dropout
3030,Dropout
3031,Dropout
3032,Dropout
3033,Dropout
3034,Dropout
3035,Dropout
3036,Dropout
3037,Dropout
3038,Dropout
3039,Dropout
3040,Dropout
3041,Dropout
3042,Dropout
3043,Dropout
3044,Dropout
3045,Dropout
3046,Dropout
3047,Dropout
3048,Dropout
3049,Dropout
3050,Dropout
3051,Dropout
3052,Dropout
3053,Dropout
3054,Dropout
3055,Dropout
3056,Dropout
3057,Dropout
3058,Dropout
3059,Dropout
3060,Dropout
3061,Dropout
3062,Dropout
3063,Dropout
3064,Dropout
3065,Dropout
3066,Dropout
3067,Dropout
3068,Dropout
3069,Dropout
3070,Dropout
3071,Dropout
3072,Dropout
3073,Dropout
3074,Dropout
3075,Dropout
3076,Dropout
3077,Dropout
3078,Dropout
3079,Dropout
3080,Dropout
3081,Dropout
3082,Dropout
3083,Dropout
3084,Dropout
3085,Dropout
3086,Dropout
3087,Dropout
3088,Dropout
3089,Dropout
3090,Dropout
3091,Dropout
3092,Dropout
3093,Dropout
3094,Dropout
3095,Dropout
3096,Dropout
3097,Dropout
3098,Dropout
3099,Dropout
3100,Dropout
3101,Dropout
3102,Dropout
3103,Dropout
3104,Dropout
3105,Dropout
3106,Dropout
3107,Dropout
3108,Dropout
3109,Dropout
3110,Dropout
3111,Dropout
3112,Dropout
3113,Dropout
3114,Dropout
3115,Dropout
3116,Dropout
3117,Dropout
3118,Dropout
3119,Dropout
3120,Dropout
3121,Dropout
3122,Dropout
3123,Dropout
3124,Dropout
3125,Dropout
3126,Dropout
3127,Dropout
3128,Dropout
3129,Dropout
3130,Dropout
3131,Dropout
3132,Dropout
3133,Dropout
3134,Dropout
3135,Dropout
3136,Dropout
3137,Dropout
3138,Dropout
3139,Dropout
3140,Dropout
3141,Dropout
3142,Dropout
3143,Dropout
3144,Dropout
3145,Dropout
3146,Dropout
3147,Dropout
3148,Dropout
3149,Dropout
3150,Dropout
3151,Dropout
3152,Dropout
3153,Dropout
3154,Dropout
3155,Dropout
3156,Dropout
3157,Dropout
3158,Dropout
3159,Dropout
3160,Dropout
3161,Dropout
3162,Dropout
3163,Dropout
3164,Dropout
3165,Dropout
3166,Dropout
3167,Dropout
3168,Dropout
3169,Dropout
3170,Dropout
3171,Dropout
3172,Dropout
3173,Dropout
3174,Dropout
3175,Dropout
3176,Dropout
3177,Dropout
3178,Dropout
3179,Dropout
3180,Dropout
3181,Dropout
3182,Dropout
3183,Dropout
3184,Dropout
3185,Dropout
3186,Dropout
3187,Dropout
3188,Dropout
3189,Dropout
3190,Dropout
3191,Dropout
3192,Dropout
3193,Dropout
3194,Dropout
3195,Dropout
3196,Dropout
3197,Dropout
3198,Dropout
3199,Dropout
3200,Dropout
3201,Dropout
3202,Dropout
3203,Dropout
3204,Dropout
3205,Dropout
3206,Dropout
3207,Dropout
3208,Dropout
3209,Dropout
3210,Dropout
3211,Dropout
3212,Dropout
3213,Dropout
3214,Dropout
3215,Dropout
3216,Dropout
3217,Dropout
3218,Dropout
3219,Dropout
3220,Dropout
3221,Dropout
3222,Dropout
3223,Dropout
3224,Dropout
3225,Dropout
3226,Dropout
3227,Dropout
3228,Dropout
3229,Dropout
3230,Dropout
3231,Dropout
3232,Dropout
3233,Dropout
3234,Dropout
3235,Dropout
3236,Dropout
3237,Dropout
3238,Dropout
3239,Dropout
3240,Dropout
3241,Dropout
3242,Dropout
3243,Dropout
3244,Dropout
3245,Dropout
3246,Dropout
3247,Dropout
3248,Dropout
3249,Dropout
3250,Dropout
3251,Dropout
3252,Dropout
3253,Dropout
3254,Dropout
3255,Dropout
3256,Dropout
3257,Dropout
3258,Dropout
3259,Dropout
3260,Dropout
3261,Dropout
3262,Dropout
3263,Dropout
3264,Dropout
3265,Dropout
3266,Dropout
3267,Dropout
3268,Dropout
3269,Dropout
3270,Dropout
3271,Dropout
3272,Dropout
3273,Dropout
3274,Dropout
3275,Dropout
3276,Dropout
3277,Dropout
3278,Dropout
3279,Dropout
3280,Dropout
3281,Dropout
3282,Dropout
3283,Dropout
3284,Dropout
3285,Dropout
3286,Dropout
3287,Dropout
3288,Dropout
3289,Dropout
3290,Dropout
3291,Dropout
3292,Dropout
3293,Dropout
3294,Dropout
3295,Dropout
3296,Dropout
3297,Dropout
3298,Dropout
3299,Dropout
3300,Dropout
3301,Dropout
3302,Dropout
3303,Dropout
3304,Dropout
3305,Dropout
3306,Dropout
3307,Dropout
3308,Dropout
3309,Dropout
3310,Dropout
3311,Dropout
3312,Dropout
3313,Dropout
3314,Dropout
3315,Dropout
3316,Dropout
3317,Dropout
3318,Dropout
3319,Dropout
3320,Dropout
3321,Dropout
3322,Dropout
3323,Dropout
3324,Dropout
3325,Dropout
3326,Dropout
3327,Dropout
3328,Dropout
3329,Dropout
3330,Dropout
3331,Dropout
3332,Dropout
3333,Dropout
3334,Dropout
3335,Dropout
3336,Dropout
3337,Dropout
3338,Dropout
3339,Dropout
3340,Dropout
3341,Dropout
3342,Dropout
3343,Dropout
3344,Dropout
3345,Dropout
3346,Dropout
3347,Dropout
3348,Dropout
3349,Dropout
3350,Dropout
3351,Dropout
3352,Dropout
3353,Dropout
3354,Dropout
3355,Dropout
3356,Dropout
3357,Dropout
3358,Dropout
3359,Dropout
3360,Dropout
3361,Dropout
3362,Dropout
3363,Dropout
3364,Dropout
3365,Dropout
3366,Dropout
3367,Dropout
3368,Dropout
3369,Dropout
3370,Dropout
3371,Dropout
3372,Dropout
3373,Dropout
3374,Dropout
3375,Dropout
3376,Dropout
3377,Dropout
3378,Dropout
3379,Dropout
3380,Dropout
3381,Dropout
3382,Dropout
3383,Dropout
3384,Dropout
3385,Dropout
3386,Dropout
3387,Dropout
3388,Dropout
3389,Dropout
3390,Dropout
3391,Dropout
3392,Dropout
3393,Dropout
3394,Dropout
3395,Dropout
3396,Dropout
3397,Dropout
3398,Dropout
3399,Dropout
3400,Dropout
3401,Dropout
3402,Dropout
3403,Dropout
3404,Dropout
3405,Dropout
3406,Dropout
3407,Dropout
3408,Dropout
3409,Dropout
3410,Dropout
3411,Dropout
3412,Dropout
3413,Dropout
3414,Dropout
3415,Dropout
3416,Dropout
3417,Dropout
3418,Dropout
3419,Dropout
3420,Dropout
3421,Dropout
3422,Dropout
3423,Dropout
3424,Dropout
3425,Dropout
3426,Dropout
3427,Dropout
3428,Dropout
3429,Dropout
3430,Dropout
3431,Dropout
3432,Dropout
3433,Dropout
3434,Dropout
3435,Dropout
3436,Dropout
3437,Dropout
3438,Dropout
3439,Dropout
3440,Dropout
3441,Dropout
3442,Dropout
3443,Dropout
3444,Dropout
3445,Dropout
3446,Dropout
3447,Dropout
3448,Dropout
3449,Dropout
3450,Dropout
3451,Dropout
3452,Dropout
3453,Dropout
3454,Dropout
3455,Dropout
3456,Dropout
3457,Dropout
3458,Dropout
3459,Dropout
3460,Dropout
3461,Dropout
3462,Dropout
3463,Dropout
3464,Dropout
3465,Dropout
3466,Dropout
3467,Dropout
3468,Dropout
3469,Dropout
3470,Dropout
3471,Dropout
3472,Dropout
3473,Dropout
3474,Dropout
3475,Dropout
3476,Dropout
3477,Dropout
3478,Dropout
3479,Dropout
3480,Dropout
3481,Dropout
3482,Dropout
3483,Dropout
3484,Dropout
3485,Dropout
3486,Dropout
3487,Dropout
3488,Dropout
3489,Dropout
3490,Dropout
3491,Dropout
3492,Dropout
3493,Dropout
3494,Dropout
3495,Dropout
3496,Dropout
3497,Dropout
3498,Dropout
3499,Dropout
3500,Dropout
3501,Dropout
3502,Dropout
3503,Dropout
3504,Dropout
3505,Dropout
3506,Dropout
3507,Dropout
3508,Dropout
3509,Dropout
3510,Dropout
3511,Dropout
3512,Dropout
3513,Dropout
3514,Dropout
3515,Dropout
3516,Dropout
3517,Dropout
3518,Dropout
3519,Dropout
3520,Dropout
3521,Dropout
3522,Dropout
3523,Dropout
3524,Dropout
3525,Dropout
3526,Dropout
3527,Dropout
3528,Dropout
3529,Dropout
3530,Dropout
3531,Dropout
3532,Dropout
3533,Dropout
3534,Dropout
3535,Dropout
3536,Dropout
3537,Dropout
3538,Dropout
3539,Dropout
3540,Dropout
3541,Dropout
3542,Dropout
3543,Dropout
3544,Dropout
3545,Dropout
3546,Dropout
3547,Dropout
3548,Dropout
3549,Dropout
3550,Dropout
3551,Dropout
3552,Dropout
3553,Dropout
3554,Dropout
3555,Dropout
3556,Dropout
3557,Dropout
3558,Dropout
3559,Dropout
3560,Dropout
3561,Dropout
3562,Dropout
3563,Dropout
3564,Dropout
3565,Dropout
3566,Dropout
3567,Dropout
3568,Dropout
3569,Dropout
3570,Dropout
3571,Dropout
3572,Dropout
3573,Dropout
3574,Dropout
3575,Dropout
3576,Dropout
3577,Dropout
3578,Dropout
3579,Dropout
3580,Dropout
3581,Dropout
3582,Dropout
3583,Dropout
3584,Dropout
3585,Dropout
3586,Dropout
3587,Dropout
3588,Dropout
3589,Dropout
3590,Dropout
3591,Dropout
3592,Dropout
3593,Dropout
3594,Dropout
3595,Dropout
3596,Dropout
3597,Dropout
3598,Dropout
3599,Dropout
3600,Dropout
3601,Dropout
3602,Dropout
3603,Dropout
3604,Dropout
3605,Dropout
3606,Dropout
3607,Dropout
3608,Dropout
3609,Dropout
3610,Dropout
3611,Dropout
3612,Dropout
3613,Dropout
3614,Dropout
3615,Dropout
3616,Dropout
3617,Dropout
3618,Dropout
3619,Dropout
3620,Dropout
3621,Dropout
3622,Dropout
3623,Dropout
3624,Dropout
3625,Dropout
3626,Dropout
3627,Dropout
3628,Dropout
3629,Dropout
3630,Dropout
3631,Dropout
3632,Dropout
3633,Dropout
3634,Dropout
3635,Dropout
3636,Dropout
3637,Dropout
3638,Dropout
3639,Dropout
3640,Dropout
3641,Dropout
3642,Dropout
3643,Dropout
3644,Dropout
3645,Dropout
3646,Dropout
3647,Dropout
3648,Dropout
3649,Dropout
3650,Dropout
3651,Dropout
3652,Dropout
3653,Dropout
3654,Dropout
3655,Dropout
3656,Dropout
3657,Dropout
3658,Dropout
3659,Dropout
3660,Dropout
3661,Dropout
3662,Dropout
3663,Dropout
3664,Dropout
3665,Dropout
3666,Dropout
3667,Dropout
3668,Dropout
3669,Dropout
3670,Dropout
3671,Dropout
3672,Dropout
3673,Dropout
3674,Dropout
3675,Dropout
3676,Dropout
3677,Dropout
3678,Dropout
3679,Dropout
3680,Dropout
3681,Dropout
3682,Dropout
3683,Dropout
3684,Dropout
3685,Dropout
3686,Dropout
3687,Dropout
3688,Dropout
3689,Dropout
3690,Dropout
3691,Dropout
3692,Dropout
3693,Dropout
3694,Dropout
3695,Dropout
3696,Dropout
3697,Dropout
3698,Dropout
3699,Dropout
3700,Dropout
3701,Dropout
3702,Dropout
3703,Dropout
3704,Dropout
3705,Dropout
3706,Dropout
3707,Dropout
3708,Dropout
3709,Dropout
3710,Dropout
3711,Dropout
3712,Dropout
3713,Dropout
3714,Dropout
3715,Dropout
3716,Dropout
3717,Dropout
3718,Dropout
3719,Dropout
3720,Dropout
3721,Dropout
3722,Dropout
3723,Dropout
3724,Dropout
3725,Dropout
3726,Dropout
3727,Dropout
3728,Dropout
3729,Dropout
3730,Dropout
3731,Dropout
3732,Dropout
3733,Dropout
3734,Dropout
3735,Dropout
3736,Dropout
3737,Dropout
3738,Dropout
3739,Dropout
3740,Dropout
3741,Dropout
3742,Dropout
3743,Dropout
3744,Dropout
3745,Dropout
3746,Dropout
3747,Dropout
3748,Dropout
3749,Dropout
3750,Dropout
3751,Dropout
3752,Dropout
3753,Dropout
3754,Dropout
3755,Dropout
3756,Dropout
3757,Dropout
3758,Dropout
3759,Dropout
3760,Dropout
3761,Dropout
3762,Dropout
3763,Dropout
3764,Dropout
3765,Dropout
3766,Dropout
3767,Dropout
3768,Dropout
3769,Dropout
3770,Dropout
3771,Dropout
3772,Dropout
3773,Dropout
3774,Dropout
3775,Dropout
3776,Dropout
3777,Dropout
3778,Dropout
3779,Dropout
3780,Dropout
3781,Dropout
3782,Dropout
3783,Dropout
3784,Dropout
3785,Dropout
3786,Dropout
3787,Dropout
3788,Dropout
3789,Dropout
3790,Dropout
3791,Dropout
3792,Dropout
3793,Dropout
3794,Dropout
3795,Dropout
3796,Dropout
3797,Dropout
3798,Dropout
3799,Dropout
3800,Dropout
3801,Dropout
3802,Dropout
3803,Dropout
3804,Dropout
3805,Dropout
3806,Dropout
3807,Dropout
3808,Dropout
3809,Dropout
3810,Dropout
3811,Dropout
3812,Dropout
3813,Dropout
3814,Dropout
3815,Dropout
3816,Dropout
3817,Dropout
3818,Dropout
3819,Dropout
3820,Dropout
3821,Dropout
3822,Dropout
3823,Dropout
3824,Dropout
3825,Dropout
3826,Dropout
3827,Dropout
3828,Dropout
3829,Dropout
3830,Dropout
3831,Dropout
3832,Dropout
3833,Dropout
3834,Dropout
3835,Dropout
3836,Dropout
3837,Dropout
3838,Dropout
3839,Dropout
3840,Dropout
3841,Dropout
3842,Dropout
3843,Dropout
3844,Dropout
3845,Dropout
3846,Dropout
3847,Dropout
3848,Dropout
3849,Dropout
3850,Dropout
3851,Dropout
3852,Dropout
3853,Dropout
3854,Dropout
3855,Dropout
3856,Dropout
3857,Dropout
3858,Dropout
3859,Dropout
3860,Dropout
3861,Dropout
3862,Dropout
3863,Dropout
3864,Dropout
3865,Dropout
3866,Dropout
3867,Dropout
3868,Dropout
3869,Dropout
3870,Dropout
3871,Dropout
3872,Dropout
3873,Dropout
3874,Dropout
3875,Dropout
3876,Dropout
3877,Dropout
3878,Dropout
3879,Dropout
3880,Dropout
3881,Dropout
3882,Dropout
3883,Dropout
3884,Dropout
3885,Dropout
3886,Dropout
3887,Dropout
3888,Dropout
3889,Dropout
3890,Dropout
3891,Dropout
3892,Dropout
3893,Dropout
3894,Dropout
3895,Dropout
3896,Dropout
3897,Dropout
3898,Dropout
3899,Dropout
3900,Dropout
3901,Dropout
3902,Dropout
3903,Dropout
3904,Dropout
3905,Dropout
3906,Dropout
3907,Dropout
3908,Dropout
3909,Dropout
3910,Dropout
3911,Dropout
3912,Dropout
3913,Dropout
3914,Dropout
3915,Dropout
3916,Dropout
3917,Dropout
3918,Dropout
3919,Dropout
3920,Dropout
3921,Dropout
3922,Dropout
3923,Dropout
3924,Dropout
3925,Dropout
3926,Dropout
3927,Dropout
3928,Dropout
3929,Dropout
3930,Dropout
3931,Dropout
3932,Dropout
3933,Dropout
3934,Dropout
3935,Dropout
3936,Dropout
3937,Dropout
3938,Dropout
3939,Dropout
3940,Dropout
3941,Dropout
3942,Dropout
3943,Dropout
3944,Dropout
3945,Dropout
3946,Dropout
3947,Dropout
3948,Dropout
3949,Dropout
3950,Dropout
3951,Dropout
3952,Dropout
3953,Dropout
3954,Dropout
3955,Dropout
3956,Dropout
3957,Dropout
3958,Dropout
3959,Dropout
3960,Dropout
3961,Dropout
3962,Dropout
3963,Dropout
3964,Dropout
3965,Dropout
3966,Dropout
3967,Dropout
3968,Dropout
3969,Dropout
3970,Dropout
3971,Dropout
3972,Dropout
3973,Dropout
3974,Dropout
3975,Dropout
3976,Dropout
3977,Dropout
3978,Dropout
3979,Dropout
3980,Dropout
3981,Dropout
3982,Dropout
3983,Dropout
3984,Dropout
3985,Dropout
3986,Dropout
3987,Dropout
3988,Dropout
3989,Dropout
3990,Dropout
3991,Dropout
3992,Dropout
3993,Dropout
3994,Dropout
3995,Dropout
3996,Dropout
3997,Dropout
3998,Dropout
3999,Dropout
4000,Dropout
4001,Dropout
4002,Dropout
4003,Dropout
4004,Dropout
4005,Dropout
4006,Dropout
4007,Dropout
4008,Dropout
4009,Dropout
4010,Dropout
4011,Dropout
4012,Dropout
4013,Dropout
4014,Dropout
4015,Dropout
4016,Dropout
4017,Dropout
4018,Dropout
4019,Dropout
4020,Dropout
4021,Dropout
4022,Dropout
4023,Dropout
4024,Dropout
4025,Dropout
4026,Dropout
4027,Dropout
4028,Dropout
4029,Dropout
4030,Dropout
4031,Dropout
4032,Dropout
4033,Dropout
4034,Dropout
4035,Dropout
4036,Dropout
4037,Dropout
4038,Dropout
4039,Dropout
4040,Dropout
4041,Dropout
4042,Dropout
4043,Dropout
4044,Dropout
4045,Dropout
4046,Dropout
4047,Dropout
4048,Dropout
4049,Dropout
4050,Dropout
4051,Dropout
4052,Dropout
4053,Dropout
4054,Dropout
4055,Dropout
4056,Dropout
4057,Dropout
4058,Dropout
4059,Dropout
4060,Dropout
4061,Dropout
4062,Dropout
4063,Dropout
4064,Dropout
4065,Dropout
4066,Dropout
4067,Dropout
4068,Dropout
4069,Dropout
4070,Dropout
4071,Dropout
4072,Dropout
4073,Dropout
4074,Dropout
4075,Dropout
4076,Dropout
4077,Dropout
4078,Dropout
4079,Dropout
4080,Dropout
4081,Dropout
4082,Dropout
4083,Dropout
4084,Dropout
4085,Dropout
4086,Dropout
4087,Dropout
4088,Dropout
4089,Dropout
4090,Dropout
4091,Dropout
4092,Dropout
4093,Dropout
4094,Dropout
4095,Dropout
4096,Dropout
4097,Dropout
4098,Dropout
4099,Dropout
4100,Dropout
4101,Dropout
4102,Dropout
4103,Dropout
4104,Dropout
4105,Dropout
4106,Dropout
4107,Dropout
4108,Dropout
4109,Dropout
4110,Dropout
4111,Dropout
4112,Dropout
4113,Dropout
4114,Dropout
4115,Dropout
4116,Dropout
4117,Dropout
4118,Dropout
4119,Dropout
4120,Dropout
4121,Dropout
4122,Dropout
4123,Dropout
4124,Dropout
4125,Dropout
4126,Dropout
4127,Dropout
4128,Dropout
4129,Dropout
4130,Dropout
4131,Dropout
4132,Dropout
4133,Dropout
4134,Dropout
4135,Dropout
4136,Dropout
4137,Dropout
4138,Dropout
4139,Dropout
4140,Dropout
4141,Dropout
4142,Dropout
4143,Dropout
4144,Dropout
4145,Dropout
4146,Dropout
4147,Dropout
4148,Dropout
4149,Dropout
4150,Dropout
4151,Dropout
4152,Dropout
4153,Dropout
4154,Dropout
4155,Dropout
4156,Dropout
4157,Dropout
4158,Dropout
4159,Dropout
4160,Dropout
4161,Dropout
4162,Dropout
4163,Dropout
4164,Dropout
4165,Dropout
4166,Dropout
4167,Dropout
4168,Dropout
4169,Dropout
4170,Dropout
4171,Dropout
4172,Dropout
4173,Dropout
4174,Dropout
4175,Dropout
4176,Dropout
4177,Dropout
4178,Dropout
4179,Dropout
4180,Dropout
4181,Dropout
4182,Dropout
4183,Dropout
4184,Dropout
4185,Dropout
4186,Dropout
4187,Dropout
4188,Dropout
4189,Dropout
4190,Dropout
4191,Dropout
4192,Dropout
4193,Dropout
4194,Dropout
4195,Dropout
4196,Dropout
4197,Dropout
4198,Dropout
4199,Dropout
4200,Dropout
4201,Dropout
4202,Dropout
4203,Dropout
4204,Dropout
4205,Dropout
4206,Dropout
4207,Dropout
4208,Dropout
4209,Dropout
4210,Dropout
4211,Dropout
4212,Dropout
4213,Dropout
4214,Dropout
4215,Dropout
4216,Dropout
4217,Dropout
4218,Dropout
4219,Dropout
4220,Dropout
4221,Dropout
4222,Dropout
4223,Dropout
4224,Dropout
4225,Dropout
4226,Dropout
4227,Dropout
4228,Dropout
4229,Dropout
4230,Dropout
4231,Dropout
4232,Dropout
4233,Dropout
4234,Dropout
4235,Dropout
4236,Dropout
4237,Dropout
4238,Dropout
4239,Dropout
4240,Dropout
4241,Dropout
4242,Dropout
4243,Dropout
4244,Dropout
4245,Dropout
4246,Dropout
4247,Dropout
4248,Dropout
4249,Dropout
4250,Dropout
4251,Dropout
4252,Dropout
4253,Dropout
4254,Dropout
4255,Dropout
4256,Dropout
4257,Dropout
4258,Dropout
4259,Dropout
4260,Dropout
4261,Dropout
4262,Dropout
4263,Dropout
4264,Dropout
4265,Dropout
4266,Dropout
4267,Dropout
4268,Dropout
4269,Dropout
4270,Dropout
4271,Dropout
4272,Dropout
4273,Dropout
4274,Dropout
4275,Dropout
4276,Dropout
4277,Dropout
4278,Dropout
4279,Dropout
4280,Dropout
4281,Dropout
4282,Dropout
4283,Dropout
4284,Dropout
4285,Dropout
4286,Dropout
4287,Dropout
4288,Dropout
4289,Dropout
4290,Dropout
4291,Dropout
4292,Dropout
4293,Dropout
4294,Dropout
4295,Dropout
4296,Dropout
4297,Dropout
4298,Dropout
4299,Dropout
4300,Dropout
4301,Dropout
4302,Dropout
4303,Dropout
4304,Dropout
4305,Dropout
4306,Dropout
4307,Dropout
4308,Dropout
4309,Dropout
4310,Dropout
4311,Dropout
4312,Dropout
4313,Dropout
4314,Dropout
4315,Dropout
4316,Dropout
4317,Dropout
4318,Dropout
4319,Dropout
4320,Dropout
4321,Dropout
4322,Dropout
4323,Dropout
4324,Dropout
4325,Dropout
4326,Dropout
4327,Dropout
4328,Dropout
4329,Dropout
4330,Dropout
4331,Dropout
4332,Dropout
4333,Dropout
4334,Dropout
4335,Dropout
4336,Dropout
4337,Dropout
4338,Dropout
4339,Dropout
4340,Dropout
4341,Dropout
4342,Dropout
4343,Dropout
4344,Dropout
4345,Dropout
4346,Dropout
4347,Dropout
4348,Dropout
4349,Dropout
4350,Dropout
4351,Dropout
4352,Dropout
4353,Dropout
4354,Dropout
4355,Dropout
4356,Dropout
4357,Dropout
4358,Dropout
4359,Dropout
4360,Dropout
4361,Dropout
4362,Dropout
4363,Dropout
4364,Dropout
4365,Dropout
4366,Dropout
4367,Dropout
4368,Dropout
4369,Dropout
4370,Dropout
4371,Dropout
4372,Dropout
4373,Dropout
4374,Dropout
4375,Dropout
4376,Dropout
4377,Dropout
4378,Dropout
4379,Dropout
4380,Dropout
4381,Dropout
4382,Dropout
4383,Dropout
4384,Dropout
4385,Dropout
4386,Dropout
4387,Dropout
4388,Dropout
4389,Dropout
4390,Dropout
4391,Dropout
4392,Dropout
4393,Dropout
4394,Dropout
4395,Dropout
4396,Dropout
4397,Dropout
4398,Dropout
4399,Dropout
4400,Dropout
4401,Dropout
4402,Dropout
4403,Dropout
4404,Dropout
4405,Dropout
4406,Dropout
4407,Dropout
4408,Dropout
4409,Dropout
4410,Dropout
4411,Dropout
4412,Dropout
4413,Dropout
4414,Dropout
4415,Dropout
4416,Dropout
4417,Dropout
4418,Dropout
4419,Dropout
4420,Dropout
4421,Dropout
4422,Dropout
4423,Dropout
4424,Dropout
