Student ID,Target
2212,Graduate
2213,Graduate
2214,Enrolled
2215,Graduate
2216,Dropout
2217,Enrolled
2218,Graduate
2219,Graduate
2220,Graduate
2221,Graduate
2222,Graduate
2223,Enrolled
2224,Dropout
2225,Graduate
2226,Dropout
2227,Graduate
2228,Dropout
2229,Dropout
2230,Graduate
2231,Dropout
2232,Graduate
2233,Dropout
2234,Dropout
2235,Enrolled
2236,Graduate
2237,Enrolled
2238,Dropout
2239,Enrolled
2240,Dropout
2241,Graduate
2242,Dropout
2243,Enrolled
2244,Graduate
2245,Dropout
2246,Graduate
2247,Graduate
2248,Dropout
2249,Dropout
2250,Graduate
2251,Dropout
2252,Dropout
2253,Dropout
2254,Dropout
2255,Dropout
2256,Graduate
2257,Dropout
2258,Dropout
2259,Dropout
2260,Graduate
2261,Graduate
2262,Enrolled
2263,Dropout
2264,Graduate
2265,Graduate
2266,Enrolled
2267,Dropout
2268,Dropout
2269,Enrolled
2270,Dropout
2271,Dropout
2272,Graduate
2273,Dropout
2274,Dropout
2275,Dropout
2276,Dropout
2277,Graduate
2278,Dropout
2279,Enrolled
2280,Dropout
2281,Graduate
2282,Enrolled
2283,Enrolled
2284,Graduate
2285,Enrolled
2286,Dropout
2287,Graduate
2288,Graduate
2289,Enrolled
2290,Dropout
2291,Dropout
2292,Graduate
2293,Enrolled
2294,Graduate
2295,Enrolled
2296,Graduate
2297,Dropout
2298,Graduate
2299,Enrolled
2300,Dropout
2301,Enrolled
2302,Graduate
2303,Enrolled
2304,Graduate
2305,Dropout
2306,Graduate
2307,Dropout
2308,Dropout
2309,Dropout
2310,Graduate
2311,Graduate
2312,Graduate
2313,Dropout
2314,Graduate
2315,Graduate
2316,Graduate
2317,Dropout
2318,Dropout
2319,Dropout
2320,Graduate
2321,Dropout
2322,Graduate
2323,Dropout
2324,Graduate
2325,Graduate
2326,Dropout
2327,Enrolled
2328,Dropout
2329,Graduate
2330,Dropout
2331,Dropout
2332,Dropout
2333,Enrolled
2334,Graduate
2335,Graduate
2336,Graduate
2337,Dropout
2338,Dropout
2339,Dropout
2340,Graduate
2341,Dropout
2342,Graduate
2343,Graduate
2344,Graduate
2345,Graduate
2346,Graduate
2347,Enrolled
2348,Graduate
2349,Dropout
2350,Graduate
2351,Graduate
2352,Dropout
2353,Graduate
2354,Graduate
2355,Dropout
2356,Graduate
2357,Graduate
2358,Enrolled
2359,Graduate
2360,Dropout
2361,Dropout
2362,Dropout
2363,Graduate
2364,Enrolled
2365,Graduate
2366,Graduate
2367,Dropout
2368,Graduate
2369,Graduate
2370,Enrolled
2371,Graduate
2372,Graduate
2373,Enrolled
2374,Graduate
2375,Enrolled
2376,Enrolled
2377,Graduate
2378,Dropout
2379,Dropout
2380,Graduate
2381,Graduate
2382,Graduate
2383,Graduate
2384,Enrolled
2385,Dropout
2386,Graduate
2387,Dropout
2388,Dropout
2389,Dropout
2390,Dropout
2391,Dropout
2392,Dropout
2393,Enrolled
2394,Dropout
2395,Graduate
2396,Enrolled
2397,Dropout
2398,Enrolled
2399,Graduate
2400,Graduate
2401,Enrolled
2402,Graduate
2403,Dropout
2404,Graduate
2405,Enrolled
2406,Graduate
2407,Dropout
2408,Dropout
2409,Dropout
2410,Dropout
2411,Dropout
2412,Dropout
2413,Enrolled
2414,Graduate
2415,Graduate
2416,Dropout
2417,Dropout
2418,Graduate
2419,Graduate
2420,Enrolled
2421,Dropout
2422,Dropout
2423,Graduate
2424,Dropout
2425,Dropout
2426,Dropout
2427,Dropout
2428,Graduate
2429,Graduate
2430,Dropout
2431,Graduate
2432,Graduate
2433,Graduate
2434,Graduate
2435,Enrolled
2436,Graduate
2437,Graduate
2438,Enrolled
2439,Dropout
2440,Dropout
2441,Dropout
2442,Graduate
2443,Dropout
2444,Graduate
2445,Dropout
2446,Dropout
2447,Graduate
2448,Dropout
2449,Dropout
2450,Graduate
2451,Enrolled
2452,Dropout
2453,Graduate
2454,Enrolled
2455,Dropout
2456,Graduate
2457,Graduate
2458,Enrolled
2459,Dropout
2460,Graduate
2461,Dropout
2462,Dropout
2463,Graduate
2464,Dropout
2465,Dropout
2466,Dropout
2467,Enrolled
2468,Graduate
2469,Dropout
2470,Dropout
2471,Dropout
2472,Dropout
2473,Enrolled
2474,Dropout
2475,Graduate
2476,Dropout
2477,Graduate
2478,Graduate
2479,Graduate
2480,Dropout
2481,Graduate
2482,Graduate
2483,Graduate
2484,Graduate
2485,Graduate
2486,Dropout
2487,Dropout
2488,Dropout
2489,Dropout
2490,Graduate
2491,Enrolled
2492,Enrolled
2493,Enrolled
2494,Graduate
2495,Graduate
2496,Graduate
2497,Graduate
2498,Graduate
2499,Graduate
2500,Dropout
2501,Graduate
2502,Graduate
2503,Graduate
2504,Graduate
2505,Dropout
2506,Graduate
2507,Graduate
2508,Graduate
2509,Dropout
2510,Graduate
2511,Dropout
2512,Enrolled
2513,Graduate
2514,Graduate
2515,Graduate
2516,Enrolled
2517,Graduate
2518,Graduate
2519,Graduate
2520,Graduate
2521,Graduate
2522,Graduate
2523,Graduate
2524,Dropout
2525,Dropout
2526,Enrolled
2527,Graduate
2528,Graduate
2529,Graduate
2530,Graduate
2531,Graduate
2532,Graduate
2533,Graduate
2534,Graduate
2535,Graduate
2536,Dropout
2537,Graduate
2538,Graduate
2539,Graduate
2540,Graduate
2541,Dropout
2542,Dropout
2543,Graduate
2544,Dropout
2545,Enrolled
2546,Graduate
2547,Graduate
2548,Graduate
2549,Graduate
2550,Dropout
2551,Graduate
2552,Graduate
2553,Graduate
2554,Dropout
2555,Enrolled
2556,Enrolled
2557,Graduate
2558,Graduate
2559,Enrolled
2560,Graduate
2561,Graduate
2562,Graduate
2563,Dropout
2564,Dropout
2565,Graduate
2566,Graduate
2567,Graduate
2568,Graduate
2569,Graduate
2570,Graduate
2571,Graduate
2572,Graduate
2573,Graduate
2574,Graduate
2575,Graduate
2576,Graduate
2577,Dropout
2578,Dropout
2579,Graduate
2580,Graduate
2581,Graduate
2582,Dropout
2583,Graduate
2584,Enrolled
2585,Graduate
2586,Graduate
2587,Enrolled
2588,Dropout
2589,Dropout
2590,Graduate
2591,Dropout
2592,Dropout
2593,Graduate
2594,Graduate
2595,Dropout
2596,Graduate
2597,Enrolled
2598,Graduate
2599,Enrolled
2600,Graduate
2601,Graduate
2602,Enrolled
2603,Graduate
2604,Dropout
2605,Dropout
2606,Graduate
2607,Graduate
2608,Graduate
2609,Graduate
2610,Dropout
2611,Graduate
2612,Enrolled
2613,Graduate
2614,Dropout
2615,Graduate
2616,Enrolled
2617,Dropout
2618,Graduate
2619,Graduate
2620,Graduate
2621,Graduate
2622,Graduate
2623,Graduate
2624,Graduate
2625,Graduate
2626,Dropout
2627,Graduate
2628,Graduate
2629,Graduate
2630,Graduate
2631,Enrolled
2632,Dropout
2633,Graduate
2634,Graduate
2635,Graduate
2636,Dropout
2637,Dropout
2638,Graduate
2639,Graduate
2640,Graduate
2641,Dropout
2642,Graduate
2643,Dropout
2644,Enrolled
2645,Graduate
2646,Dropout
2647,Graduate
2648,Enrolled
2649,Dropout
2650,Enrolled
2651,Graduate
2652,Dropout
2653,Graduate
2654,Dropout
2655,Graduate
2656,Dropout
2657,Graduate
2658,Graduate
2659,Graduate
2660,Graduate
2661,Enrolled
2662,Graduate
2663,Enrolled
2664,Dropout
2665,Graduate
2666,Dropout
2667,Graduate
2668,Dropout
2669,Graduate
2670,Dropout
2671,Graduate
2672,Graduate
2673,Dropout
2674,Enrolled
2675,Graduate
2676,Graduate
2677,Dropout
2678,Enrolled
2679,Enrolled
2680,Enrolled
2681,Graduate
2682,Dropout
2683,Dropout
2684,Enrolled
2685,Dropout
2686,Graduate
2687,Enrolled
2688,Dropout
2689,Dropout
2690,Dropout
2691,Dropout
2692,Graduate
2693,Graduate
2694,Graduate
2695,Graduate
2696,Enrolled
2697,Dropout
2698,Enrolled
2699,Graduate
2700,Graduate
2701,Graduate
2702,Dropout
2703,Dropout
2704,Enrolled
2705,Dropout
2706,Dropout
2707,Graduate
2708,Dropout
2709,Graduate
2710,Graduate
2711,Graduate
2712,Dropout
2713,Enrolled
2714,Graduate
2715,Graduate
2716,Graduate
2717,Dropout
2718,Graduate
2719,Graduate
2720,Graduate
2721,Graduate
2722,Graduate
2723,Enrolled
2724,Enrolled
2725,Graduate
2726,Enrolled
2727,Graduate
2728,Graduate
2729,Graduate
2730,Graduate
2731,Graduate
2732,Graduate
2733,Graduate
2734,Enrolled
2735,Graduate
2736,Graduate
2737,Graduate
2738,Enrolled
2739,Graduate
2740,Graduate
2741,Graduate
2742,Graduate
2743,Graduate
2744,Graduate
2745,Graduate
2746,Graduate
2747,Enrolled
2748,Dropout
2749,Dropout
2750,Graduate
2751,Dropout
2752,Graduate
2753,Dropout
2754,Graduate
2755,Dropout
2756,Graduate
2757,Dropout
2758,Dropout
2759,Dropout
2760,Enrolled
2761,Graduate
2762,Graduate
2763,Enrolled
2764,Graduate
2765,Dropout
2766,Graduate
2767,Graduate
2768,Dropout
2769,Graduate
2770,Dropout
2771,Graduate
2772,Graduate
2773,Dropout
2774,Graduate
2775,Graduate
2776,Graduate
2777,Dropout
2778,Graduate
2779,Graduate
2780,Graduate
2781,Graduate
2782,Dropout
2783,Dropout
2784,Graduate
2785,Graduate
2786,Graduate
2787,Dropout
2788,Enrolled
2789,Dropout
2790,Dropout
2791,Dropout
2792,Graduate
2793,Graduate
2794,Dropout
2795,Dropout
2796,Graduate
2797,Dropout
2798,Graduate
2799,Graduate
2800,Dropout
2801,Graduate
2802,Dropout
2803,Graduate
2804,Graduate
2805,Graduate
2806,Graduate
2807,Graduate
2808,Graduate
2809,Graduate
2810,Enrolled
2811,Graduate
2812,Dropout
2813,Graduate
2814,Enrolled
2815,Enrolled
2816,Graduate
2817,Graduate
2818,Graduate
2819,Graduate
2820,Enrolled
2821,Graduate
2822,Dropout
2823,Graduate
2824,Graduate
2825,Enrolled
2826,Graduate
2827,Graduate
2828,Dropout
2829,Graduate
2830,Graduate
2831,Graduate
2832,Graduate
2833,Graduate
2834,Enrolled
2835,Graduate
2836,Graduate
2837,Dropout
2838,Graduate
2839,Dropout
2840,Graduate
2841,Dropout
2842,Graduate
2843,Graduate
2844,Dropout
2845,Dropout
2846,Graduate
2847,Dropout
2848,Dropout
2849,Graduate
2850,Graduate
2851,Dropout
2852,Graduate
2853,Enrolled
2854,Graduate
2855,Dropout
2856,Graduate
2857,Graduate
2858,Graduate
2859,Graduate
2860,Graduate
2861,Enrolled
2862,Graduate
2863,Graduate
2864,Graduate
2865,Graduate
2866,Graduate
2867,Dropout
2868,Graduate
2869,Graduate
2870,Graduate
2871,Graduate
2872,Dropout
2873,Graduate
2874,Graduate
2875,Dropout
2876,Graduate
2877,Dropout
2878,Graduate
2879,Dropout
2880,Dropout
2881,Graduate
2882,Graduate
2883,Dropout
2884,Graduate
2885,Graduate
2886,Graduate
2887,Graduate
2888,Graduate
2889,Graduate
2890,Graduate
2891,Graduate
2892,Dropout
2893,Graduate
2894,Graduate
2895,Graduate
2896,Graduate
2897,Graduate
2898,Graduate
2899,Graduate
2900,Graduate
2901,Graduate
2902,Dropout
2903,Graduate
2904,Graduate
2905,Dropout
2906,Graduate
2907,Graduate
2908,Graduate
2909,Graduate
2910,Enrolled
2911,Dropout
2912,Graduate
2913,Dropout
2914,Graduate
2915,Dropout
2916,Graduate
2917,Graduate
2918,Graduate
2919,Graduate
2920,Dropout
2921,Graduate
2922,Dropout
2923,Graduate
2924,Dropout
2925,Graduate
2926,Graduate
2927,Graduate
2928,Graduate
2929,Dropout
2930,Dropout
2931,Enrolled
2932,Dropout
2933,Dropout
2934,Graduate
2935,Dropout
2936,Enrolled
2937,Dropout
2938,Dropout
2939,Graduate
2940,Dropout
2941,Graduate
2942,Graduate
2943,Graduate
2944,Graduate
2945,Graduate
2946,Dropout
2947,Dropout
2948,Graduate
2949,Graduate
2950,Enrolled
2951,Graduate
2952,Graduate
2953,Dropout
2954,Dropout
2955,Graduate
2956,Dropout
2957,Dropout
2958,Graduate
2959,Dropout
2960,Graduate
2961,Graduate
2962,Graduate
2963,Dropout
2964,Graduate
2965,Graduate
2966,Graduate
2967,Graduate
2968,Dropout
2969,Graduate
2970,Graduate
2971,Dropout
2972,Dropout
2973,Graduate
2974,Dropout
2975,Graduate
2976,Graduate
2977,Graduate
2978,Dropout
2979,Graduate
2980,Dropout
2981,Graduate
2982,Graduate
2983,Graduate
2984,Graduate
2985,Graduate
2986,Graduate
2987,Dropout
2988,Graduate
2989,Graduate
2990,Graduate
2991,Graduate
2992,Graduate
2993,Dropout
2994,Graduate
2995,Graduate
2996,Graduate
2997,Graduate
2998,Graduate
2999,Graduate
3000,Dropout
3001,Graduate
3002,Graduate
3003,Graduate
3004,Graduate
3005,Graduate
3006,Graduate
3007,Graduate
3008,Enrolled
3009,Graduate
3010,Graduate
3011,Graduate
3012,Enrolled
3013,Graduate
3014,Graduate
3015,Dropout
3016,Graduate
3017,Graduate
3018,Graduate
3019,Graduate
3020,Graduate
3021,Graduate
3022,Graduate
3023,Dropout
3024,Graduate
3025,Graduate
3026,Graduate
3027,Graduate
3028,Dropout
3029,Graduate
3030,Graduate
3031,Graduate
3032,Graduate
3033,Graduate
3034,Graduate
3035,Graduate
3036,Graduate
3037,Dropout
3038,Graduate
3039,Graduate
3040,Enrolled
3041,Graduate
3042,Graduate
3043,Graduate
3044,Graduate
3045,Graduate
3046,Dropout
3047,Enrolled
3048,Graduate
3049,Graduate
3050,Graduate
3051,Dropout
3052,Enrolled
3053,Graduate
3054,Graduate
3055,Graduate
3056,Dropout
3057,Graduate
3058,Dropout
3059,Graduate
3060,Graduate
3061,Graduate
3062,Dropout
3063,Dropout
3064,Graduate
3065,Graduate
3066,Dropout
3067,Graduate
3068,Graduate
3069,Graduate
3070,Dropout
3071,Graduate
3072,Dropout
3073,Dropout
3074,Dropout
3075,Dropout
3076,Enrolled
3077,Enrolled
3078,Dropout
3079,Graduate
3080,Enrolled
3081,Graduate
3082,Graduate
3083,Graduate
3084,Dropout
3085,Graduate
3086,Enrolled
3087,Graduate
3088,Graduate
3089,Graduate
3090,Dropout
3091,Graduate
3092,Graduate
3093,Graduate
3094,Graduate
3095,Dropout
3096,Graduate
3097,Graduate
3098,Dropout
3099,Graduate
3100,Dropout
3101,Graduate
3102,Graduate
3103,Dropout
3104,Graduate
3105,Graduate
3106,Graduate
3107,Graduate
3108,Graduate
3109,Graduate
3110,Graduate
3111,Graduate
3112,Graduate
3113,Graduate
3114,Graduate
3115,Graduate
3116,Graduate
3117,Dropout
3118,Graduate
3119,Graduate
3120,Graduate
3121,Dropout
3122,Graduate
3123,Graduate
3124,Graduate
3125,Graduate
3126,Graduate
3127,Graduate
3128,Graduate
3129,Graduate
3130,Graduate
3131,Graduate
3132,Graduate
3133,Graduate
3134,Graduate
3135,Enrolled
3136,Enrolled
3137,Graduate
3138,Graduate
3139,Graduate
3140,Graduate
3141,Graduate
3142,Graduate
3143,Enrolled
3144,Graduate
3145,Graduate
3146,Graduate
3147,Graduate
3148,Graduate
3149,Graduate
3150,Dropout
3151,Enrolled
3152,Graduate
3153,Graduate
3154,Graduate
3155,Graduate
3156,Enrolled
3157,Dropout
3158,Dropout
3159,Enrolled
3160,Dropout
3161,Graduate
3162,Graduate
3163,Graduate
3164,Graduate
3165,Graduate
3166,Graduate
3167,Dropout
3168,Dropout
3169,Graduate
3170,Enrolled
3171,Graduate
3172,Dropout
3173,Dropout
3174,Graduate
3175,Graduate
3176,Dropout
3177,Graduate
3178,Graduate
3179,Graduate
3180,Dropout
3181,Graduate
3182,Dropout
3183,Graduate
3184,Graduate
3185,Enrolled
3186,Dropout
3187,Dropout
3188,Dropout
3189,Dropout
3190,Graduate
3191,Dropout
3192,Enrolled
3193,Enrolled
3194,Dropout
3195,Dropout
3196,Dropout
3197,Graduate
3198,Graduate
3199,Dropout
3200,Graduate
3201,Dropout
3202,Graduate
3203,Enrolled
3204,Enrolled
3205,Dropout
3206,Dropout
3207,Graduate
3208,Graduate
3209,Enrolled
3210,Graduate
3211,Graduate
3212,Graduate
3213,Graduate
3214,Dropout
3215,Graduate
3216,Graduate
3217,Dropout
3218,Graduate
3219,Dropout
3220,Dropout
3221,Dropout
3222,Dropout
3223,Graduate
3224,Dropout
3225,Enrolled
3226,Graduate
3227,Graduate
3228,Graduate
3229,Graduate
3230,Graduate
3231,Graduate
3232,Graduate
3233,Graduate
3234,Dropout
3235,Graduate
3236,Graduate
3237,Graduate
3238,Graduate
3239,Graduate
3240,Graduate
3241,Enrolled
3242,Graduate
3243,Dropout
3244,Graduate
3245,Dropout
3246,Graduate
3247,Graduate
3248,Graduate
3249,Graduate
3250,Graduate
3251,Dropout
3252,Graduate
3253,Dropout
3254,Dropout
3255,Enrolled
3256,Graduate
3257,Graduate
3258,Graduate
3259,Graduate
3260,Graduate
3261,Graduate
3262,Graduate
3263,Dropout
3264,Graduate
3265,Dropout
3266,Graduate
3267,Graduate
3268,Enrolled
3269,Dropout
3270,Dropout
3271,Dropout
3272,Graduate
3273,Graduate
3274,Graduate
3275,Dropout
3276,Dropout
3277,Dropout
3278,Graduate
3279,Enrolled
3280,Enrolled
3281,Graduate
3282,Dropout
3283,Enrolled
3284,Graduate
3285,Dropout
3286,Graduate
3287,Dropout
3288,Dropout
3289,Enrolled
3290,Graduate
3291,Dropout
3292,Dropout
3293,Dropout
3294,Graduate
3295,Graduate
3296,Graduate
3297,Graduate
3298,Dropout
3299,Graduate
3300,Dropout
3301,Graduate
3302,Graduate
3303,Graduate
3304,Graduate
3305,Graduate
3306,Graduate
3307,Graduate
3308,Graduate
3309,Graduate
3310,Dropout
3311,Graduate
3312,Graduate
3313,Graduate
3314,Graduate
3315,Dropout
3316,Graduate
3317,Dropout
3318,Graduate
3319,Dropout
3320,Graduate
3321,Enrolled
3322,Dropout
3323,Dropout
3324,Graduate
3325,Graduate
3326,Enrolled
3327,Graduate
3328,Dropout
3329,Dropout
3330,Graduate
3331,Graduate
3332,Enrolled
3333,Dropout
3334,Dropout
3335,Graduate
3336,Dropout
3337,Dropout
3338,Dropout
3339,Dropout
3340,Dropout
3341,Dropout
3342,Dropout
3343,Graduate
3344,Enrolled
3345,Dropout
3346,Enrolled
3347,Dropout
3348,Dropout
3349,Graduate
3350,Dropout
3351,Graduate
3352,Dropout
3353,Dropout
3354,Graduate
3355,Graduate
3356,Dropout
3357,Enrolled
3358,Dropout
3359,Dropout
3360,Graduate
3361,Dropout
3362,Graduate
3363,Graduate
3364,Dropout
3365,Graduate
3366,Dropout
3367,Enrolled
3368,Graduate
3369,Graduate
3370,Enrolled
3371,Dropout
3372,Dropout
3373,Graduate
3374,Graduate
3375,Graduate
3376,Graduate
3377,Graduate
3378,Graduate
3379,Enrolled
3380,Graduate
3381,Dropout
3382,Graduate
3383,Graduate
3384,Dropout
3385,Enrolled
3386,Graduate
3387,Graduate
3388,Graduate
3389,Graduate
3390,Enrolled
3391,Graduate
3392,Graduate
3393,Graduate
3394,Graduate
3395,Graduate
3396,Graduate
3397,Enrolled
3398,Graduate
3399,Graduate
3400,Graduate
3401,Graduate
3402,Graduate
3403,Graduate
3404,Graduate
3405,Dropout
3406,Graduate
3407,Graduate
3408,Graduate
3409,Dropout
3410,Graduate
3411,Graduate
3412,Graduate
3413,Enrolled
3414,Dropout
3415,Graduate
3416,Graduate
3417,Graduate
3418,Dropout
3419,Graduate
3420,Graduate
3421,Graduate
3422,Dropout
3423,Enrolled
3424,Graduate
3425,Dropout
3426,Dropout
3427,Dropout
3428,Graduate
3429,Graduate
3430,Dropout
3431,Graduate
3432,Graduate
3433,Graduate
3434,Graduate
3435,Graduate
3436,Graduate
3437,Graduate
3438,Dropout
3439,Graduate
3440,Dropout
3441,Graduate
3442,Graduate
3443,Graduate
3444,Graduate
3445,Graduate
3446,Graduate
3447,Graduate
3448,Graduate
3449,Graduate
3450,Graduate
3451,Enrolled
3452,Enrolled
3453,Graduate
3454,Graduate
3455,Dropout
3456,Graduate
3457,Graduate
3458,Graduate
3459,Graduate
3460,Dropout
3461,Graduate
3462,Dropout
3463,Dropout
3464,Enrolled
3465,Graduate
3466,Dropout
3467,Graduate
3468,Graduate
3469,Enrolled
3470,Graduate
3471,Graduate
3472,Graduate
3473,Dropout
3474,Graduate
3475,Dropout
3476,Graduate
3477,Graduate
3478,Dropout
3479,Enrolled
3480,Graduate
3481,Graduate
3482,Dropout
3483,Dropout
3484,Dropout
3485,Dropout
3486,Enrolled
3487,Graduate
3488,Dropout
3489,Enrolled
3490,Graduate
3491,Dropout
3492,Dropout
3493,Dropout
3494,Dropout
3495,Graduate
3496,Graduate
3497,Dropout
3498,Dropout
3499,Graduate
3500,Dropout
3501,Graduate
3502,Dropout
3503,Graduate
3504,Enrolled
3505,Graduate
3506,Dropout
3507,Dropout
3508,Graduate
3509,Graduate
3510,Graduate
3511,Graduate
3512,Enrolled
3513,Graduate
3514,Dropout
3515,Enrolled
3516,Enrolled
3517,Graduate
3518,Dropout
3519,Enrolled
3520,Dropout
3521,Graduate
3522,Graduate
3523,Graduate
3524,Dropout
3525,Graduate
3526,Graduate
3527,Enrolled
3528,Enrolled
3529,Enrolled
3530,Graduate
3531,Graduate
3532,Graduate
3533,Graduate
3534,Dropout
3535,Dropout
3536,Dropout
3537,Dropout
3538,Dropout
3539,Dropout
3540,Graduate
3541,Dropout
3542,Dropout
3543,Dropout
3544,Enrolled
3545,Dropout
3546,Graduate
3547,Graduate
3548,Dropout
3549,Dropout
3550,Graduate
3551,Enrolled
3552,Dropout
3553,Enrolled
3554,Graduate
3555,Graduate
3556,Graduate
3557,Dropout
3558,Dropout
3559,Graduate
3560,Graduate
3561,Dropout
3562,Graduate
3563,Dropout
3564,Dropout
3565,Dropout
3566,Dropout
3567,Graduate
3568,Graduate
3569,Enrolled
3570,Dropout
3571,Enrolled
3572,Graduate
3573,Dropout
3574,Dropout
3575,Graduate
3576,Graduate
3577,Graduate
3578,Dropout
3579,Dropout
3580,Graduate
3581,Enrolled
3582,Graduate
3583,Dropout
3584,Dropout
3585,Graduate
3586,Dropout
3587,Graduate
3588,Graduate
3589,Enrolled
3590,Dropout
3591,Dropout
3592,Graduate
3593,Dropout
3594,Graduate
3595,Enrolled
3596,Enrolled
3597,Dropout
3598,Graduate
3599,Graduate
3600,Graduate
3601,Graduate
3602,Graduate
3603,Graduate
3604,Graduate
3605,Graduate
3606,Dropout
3607,Dropout
3608,Graduate
3609,Graduate
3610,Dropout
3611,Enrolled
3612,Graduate
3613,Enrolled
3614,Enrolled
3615,Graduate
3616,Dropout
3617,Graduate
3618,Graduate
3619,Graduate
3620,Graduate
3621,Graduate
3622,Graduate
3623,Graduate
3624,Dropout
3625,Enrolled
3626,Enrolled
3627,Graduate
3628,Graduate
3629,Graduate
3630,Graduate
3631,Graduate
3632,Dropout
3633,Dropout
3634,Graduate
3635,Graduate
3636,Dropout
3637,Graduate
3638,Graduate
3639,Graduate
3640,Graduate
3641,Graduate
3642,Dropout
3643,Graduate
3644,Graduate
3645,Graduate
3646,Graduate
3647,Enrolled
3648,Dropout
3649,Graduate
3650,Dropout
3651,Graduate
3652,Dropout
3653,Graduate
3654,Graduate
3655,Graduate
3656,Graduate
3657,Enrolled
3658,Graduate
3659,Graduate
3660,Dropout
3661,Dropout
3662,Graduate
3663,Graduate
3664,Graduate
3665,Graduate
3666,Graduate
3667,Graduate
3668,Dropout
3669,Graduate
3670,Graduate
3671,Graduate
3672,Graduate
3673,Graduate
3674,Enrolled
3675,Graduate
3676,Graduate
3677,Dropout
3678,Dropout
3679,Graduate
3680,Graduate
3681,Dropout
3682,Graduate
3683,Dropout
3684,Graduate
3685,Dropout
3686,Graduate
3687,Graduate
3688,Dropout
3689,Enrolled
3690,Enrolled
3691,Graduate
3692,Dropout
3693,Dropout
3694,Enrolled
3695,Graduate
3696,Dropout
3697,Dropout
3698,Enrolled
3699,Graduate
3700,Dropout
3701,Graduate
3702,Graduate
3703,Dropout
3704,Dropout
3705,Graduate
3706,Graduate
3707,Graduate
3708,Dropout
3709,Graduate
3710,Graduate
3711,Graduate
3712,Dropout
3713,Enrolled
3714,Dropout
3715,Dropout
3716,Dropout
3717,Dropout
3718,Dropout
3719,Dropout
3720,Dropout
3721,Dropout
3722,Dropout
3723,Dropout
3724,Dropout
3725,Graduate
3726,Enrolled
3727,Dropout
3728,Graduate
3729,Graduate
3730,Graduate
3731,Enrolled
3732,Dropout
3733,Graduate
3734,Graduate
3735,Dropout
3736,Graduate
3737,Graduate
3738,Enrolled
3739,Graduate
3740,Dropout
3741,Enrolled
3742,Enrolled
3743,Graduate
3744,Graduate
3745,Dropout
3746,Graduate
3747,Graduate
3748,Dropout
3749,Dropout
3750,Graduate
3751,Graduate
3752,Graduate
3753,Graduate
3754,Graduate
3755,Dropout
3756,Graduate
3757,Graduate
3758,Graduate
3759,Enrolled
3760,Dropout
3761,Graduate
3762,Dropout
3763,Graduate
3764,Graduate
3765,Graduate
3766,Graduate
3767,Graduate
3768,Dropout
3769,Graduate
3770,Graduate
3771,Dropout
3772,Graduate
3773,Graduate
3774,Dropout
3775,Graduate
3776,Enrolled
3777,Graduate
3778,Graduate
3779,Enrolled
3780,Dropout
3781,Graduate
3782,Graduate
3783,Graduate
3784,Graduate
3785,Dropout
3786,Enrolled
3787,Graduate
3788,Enrolled
3789,Graduate
3790,Dropout
3791,Graduate
3792,Dropout
3793,Dropout
3794,Dropout
3795,Dropout
3796,Graduate
3797,Graduate
3798,Dropout
3799,Graduate
3800,Dropout
3801,Dropout
3802,Graduate
3803,Graduate
3804,Graduate
3805,Enrolled
3806,Dropout
3807,Graduate
3808,Graduate
3809,Graduate
3810,Graduate
3811,Graduate
3812,Dropout
3813,Graduate
3814,Graduate
3815,Graduate
3816,Graduate
3817,Enrolled
3818,Graduate
3819,Dropout
3820,Dropout
3821,Enrolled
3822,Dropout
3823,Graduate
3824,Enrolled
3825,Dropout
3826,Dropout
3827,Enrolled
3828,Graduate
3829,Enrolled
3830,Graduate
3831,Graduate
3832,Graduate
3833,Dropout
3834,Dropout
3835,Graduate
3836,Dropout
3837,Enrolled
3838,Enrolled
3839,Enrolled
3840,Dropout
3841,Graduate
3842,Enrolled
3843,Dropout
3844,Dropout
3845,Graduate
3846,Dropout
3847,Dropout
3848,Dropout
3849,Dropout
3850,Graduate
3851,Dropout
3852,Dropout
3853,Dropout
3854,Dropout
3855,Dropout
3856,Graduate
3857,Graduate
3858,Dropout
3859,Dropout
3860,Dropout
3861,Enrolled
3862,Dropout
3863,Graduate
3864,Graduate
3865,Dropout
3866,Dropout
3867,Dropout
3868,Graduate
3869,Graduate
3870,Enrolled
3871,Graduate
3872,Graduate
3873,Graduate
3874,Dropout
3875,Dropout
3876,Dropout
3877,Graduate
3878,Graduate
3879,Graduate
3880,Graduate
3881,Graduate
3882,Graduate
3883,Enrolled
3884,Graduate
3885,Graduate
3886,Graduate
3887,Graduate
3888,Enrolled
3889,Graduate
3890,Graduate
3891,Graduate
3892,Graduate
3893,Graduate
3894,Dropout
3895,Enrolled
3896,Graduate
3897,Dropout
3898,Graduate
3899,Graduate
3900,Dropout
3901,Graduate
3902,Dropout
3903,Graduate
3904,Dropout
3905,Dropout
3906,Dropout
3907,Graduate
3908,Enrolled
3909,Graduate
3910,Dropout
3911,Graduate
3912,Graduate
3913,Graduate
3914,Graduate
3915,Enrolled
3916,Graduate
3917,Graduate
3918,Graduate
3919,Graduate
3920,Graduate
3921,Graduate
3922,Graduate
3923,Graduate
3924,Graduate
3925,Dropout
3926,Dropout
3927,Graduate
3928,Graduate
3929,Dropout
3930,Enrolled
3931,Graduate
3932,Graduate
3933,Graduate
3934,Enrolled
3935,Dropout
3936,Enrolled
3937,Enrolled
3938,Enrolled
3939,Graduate
3940,Graduate
3941,Graduate
3942,Dropout
3943,Graduate
3944,Dropout
3945,Dropout
3946,Graduate
3947,Graduate
3948,Dropout
3949,Graduate
3950,Graduate
3951,Graduate
3952,Dropout
3953,Graduate
3954,Graduate
3955,Enrolled
3956,Dropout
3957,Graduate
3958,Graduate
3959,Graduate
3960,Graduate
3961,Dropout
3962,Dropout
3963,Graduate
3964,Graduate
3965,Dropout
3966,Graduate
3967,Enrolled
3968,Dropout
3969,Enrolled
3970,Enrolled
3971,Graduate
3972,Graduate
3973,Graduate
3974,Graduate
3975,Graduate
3976,Graduate
3977,Graduate
3978,Graduate
3979,Graduate
3980,Dropout
3981,Graduate
3982,Graduate
3983,Graduate
3984,Graduate
3985,Dropout
3986,Graduate
3987,Enrolled
3988,Graduate
3989,Enrolled
3990,Dropout
3991,Graduate
3992,Dropout
3993,Graduate
3994,Graduate
3995,Enrolled
3996,Dropout
3997,Enrolled
3998,Graduate
3999,Dropout
4000,Graduate
4001,Dropout
4002,Dropout
4003,Graduate
4004,Graduate
4005,Graduate
4006,Dropout
4007,Graduate
4008,Dropout
4009,Dropout
4010,Dropout
4011,Dropout
4012,Enrolled
4013,Dropout
4014,Graduate
4015,Graduate
4016,Dropout
4017,Enrolled
4018,Dropout
4019,Graduate
4020,Graduate
4021,Dropout
4022,Graduate
4023,Graduate
4024,Graduate
4025,Dropout
4026,Graduate
4027,Graduate
4028,Enrolled
4029,Graduate
4030,Dropout
4031,Graduate
4032,Graduate
4033,Graduate
4034,Graduate
4035,Dropout
4036,Dropout
4037,Graduate
4038,Enrolled
4039,Graduate
4040,Graduate
4041,Graduate
4042,Graduate
4043,Graduate
4044,Graduate
4045,Graduate
4046,Dropout
4047,Graduate
4048,Graduate
4049,Graduate
4050,Graduate
4051,Dropout
4052,Graduate
4053,Enrolled
4054,Graduate
4055,Graduate
4056,Enrolled
4057,Enrolled
4058,Graduate
4059,Graduate
4060,Dropout
4061,Graduate
4062,Graduate
4063,Graduate
4064,Graduate
4065,Dropout
4066,Graduate
4067,Graduate
4068,Dropout
4069,Graduate
4070,Graduate
4071,Graduate
4072,Enrolled
4073,Graduate
4074,Graduate
4075,Graduate
4076,Dropout
4077,Graduate
4078,Dropout
4079,Graduate
4080,Graduate
4081,Dropout
4082,Enrolled
4083,Dropout
4084,Graduate
4085,Dropout
4086,Dropout
4087,Graduate
4088,Graduate
4089,Graduate
4090,Dropout
4091,Graduate
4092,Dropout
4093,Dropout
4094,Graduate
4095,Enrolled
4096,Graduate
4097,Graduate
4098,Graduate
4099,Dropout
4100,Dropout
4101,Graduate
4102,Graduate
4103,Graduate
4104,Graduate
4105,Graduate
4106,Graduate
4107,Enrolled
4108,Graduate
4109,Graduate
4110,Graduate
4111,Graduate
4112,Graduate
4113,Graduate
4114,Dropout
4115,Graduate
4116,Graduate
4117,Graduate
4118,Graduate
4119,Graduate
4120,Enrolled
4121,Graduate
4122,Graduate
4123,Graduate
4124,Graduate
4125,Graduate
4126,Graduate
4127,Graduate
4128,Graduate
4129,Enrolled
4130,Graduate
4131,Graduate
4132,Graduate
4133,Enrolled
4134,Graduate
4135,Graduate
4136,Graduate
4137,Graduate
4138,Graduate
4139,Dropout
4140,Graduate
4141,Dropout
4142,Dropout
4143,Graduate
4144,Enrolled
4145,Graduate
4146,Dropout
4147,Dropout
4148,Dropout
4149,Enrolled
4150,Graduate
4151,Graduate
4152,Graduate
4153,Graduate
4154,Graduate
4155,Enrolled
4156,Graduate
4157,Graduate
4158,Enrolled
4159,Graduate
4160,Graduate
4161,Enrolled
4162,Graduate
4163,Dropout
4164,Graduate
4165,Dropout
4166,Graduate
4167,Graduate
4168,Graduate
4169,Graduate
4170,Dropout
4171,Dropout
4172,Dropout
4173,Dropout
4174,Graduate
4175,Graduate
4176,Graduate
4177,Graduate
4178,Graduate
4179,Graduate
4180,Graduate
4181,Dropout
4182,Dropout
4183,Dropout
4184,Graduate
4185,Graduate
4186,Dropout
4187,Enrolled
4188,Graduate
4189,Graduate
4190,Graduate
4191,Enrolled
4192,Graduate
4193,Graduate
4194,Graduate
4195,Dropout
4196,Graduate
4197,Graduate
4198,Graduate
4199,Enrolled
4200,Graduate
4201,Graduate
4202,Graduate
4203,Graduate
4204,Graduate
4205,Graduate
4206,Graduate
4207,Graduate
4208,Graduate
4209,Enrolled
4210,Graduate
4211,Graduate
4212,Graduate
4213,Graduate
4214,Enrolled
4215,Graduate
4216,Dropout
4217,Dropout
4218,Graduate
4219,Graduate
4220,Graduate
4221,Dropout
4222,Graduate
4223,Graduate
4224,Graduate
4225,Graduate
4226,Graduate
4227,Graduate
4228,Graduate
4229,Graduate
4230,Dropout
4231,Graduate
4232,Enrolled
4233,Enrolled
4234,Graduate
4235,Enrolled
4236,Enrolled
4237,Graduate
4238,Graduate
4239,Dropout
4240,Graduate
4241,Graduate
4242,Graduate
4243,Dropout
4244,Graduate
4245,Graduate
4246,Dropout
4247,Dropout
4248,Graduate
4249,Dropout
4250,Graduate
4251,Dropout
4252,Dropout
4253,Graduate
4254,Dropout
4255,Graduate
4256,Dropout
4257,Graduate
4258,Graduate
4259,Graduate
4260,Enrolled
4261,Dropout
4262,Dropout
4263,Graduate
4264,Dropout
4265,Graduate
4266,Graduate
4267,Graduate
4268,Graduate
4269,Enrolled
4270,Dropout
4271,Graduate
4272,Graduate
4273,Graduate
4274,Graduate
4275,Graduate
4276,Dropout
4277,Dropout
4278,Enrolled
4279,Graduate
4280,Dropout
4281,Dropout
4282,Dropout
4283,Dropout
4284,Dropout
4285,Graduate
4286,Enrolled
4287,Graduate
4288,Enrolled
4289,Dropout
4290,Graduate
4291,Graduate
4292,Enrolled
4293,Graduate
4294,Dropout
4295,Graduate
4296,Dropout
4297,Dropout
4298,Graduate
4299,Dropout
4300,Enrolled
4301,Enrolled
4302,Dropout
4303,Graduate
4304,Graduate
4305,Dropout
4306,Enrolled
4307,Dropout
4308,Graduate
4309,Graduate
4310,Graduate
4311,Graduate
4312,Dropout
4313,Dropout
4314,Graduate
4315,Dropout
4316,Enrolled
4317,Graduate
4318,Graduate
4319,Enrolled
4320,Graduate
4321,Enrolled
4322,Enrolled
4323,Dropout
4324,Dropout
4325,Graduate
4326,Graduate
4327,Enrolled
4328,Dropout
4329,Graduate
4330,Graduate
4331,Dropout
4332,Graduate
4333,Graduate
4334,Graduate
4335,Graduate
4336,Enrolled
4337,Enrolled
4338,Graduate
4339,Graduate
4340,Graduate
4341,Enrolled
4342,Graduate
4343,Dropout
4344,Graduate
4345,Dropout
4346,Graduate
4347,Dropout
4348,Dropout
4349,Graduate
4350,Graduate
4351,Graduate
4352,Graduate
4353,Graduate
4354,Graduate
4355,Enrolled
4356,Graduate
4357,Dropout
4358,Dropout
4359,Dropout
4360,Graduate
4361,Graduate
4362,Graduate
4363,Enrolled
4364,Dropout
4365,Graduate
4366,Dropout
4367,Graduate
4368,Graduate
4369,Dropout
4370,Graduate
4371,Graduate
4372,Graduate
4373,Dropout
4374,Graduate
4375,Graduate
4376,Dropout
4377,Graduate
4378,Graduate
4379,Graduate
4380,Graduate
4381,Dropout
4382,Dropout
4383,Graduate
4384,Graduate
4385,Enrolled
4386,Dropout
4387,Dropout
4388,Graduate
4389,Graduate
4390,Graduate
4391,Graduate
4392,Graduate
4393,Graduate
4394,Dropout
4395,Graduate
4396,Graduate
4397,Graduate
4398,Dropout
4399,Graduate
4400,Graduate
4401,Dropout
4402,Dropout
4403,Graduate
4404,Graduate
4405,Dropout
4406,Graduate
4407,Enrolled
4408,Graduate
4409,Graduate
4410,Graduate
4411,Graduate
4412,Enrolled
4413,Graduate
4414,Dropout
4415,Graduate
4416,Dropout
4417,Graduate
4418,Graduate
4419,Graduate
4420,Graduate
4421,Dropout
4422,Dropout
4423,Graduate
4424,Graduate
